frame,track_id,assigned_category,center_x_mm,center_y_mm,width_mm,height_mm,angle_deg,area_mm2,aspect_ratio,perimeter_mm,extent,hu_norm,circularity,convexity_defects_count,avg_defect_depth_mm,avg_color_r,avg_color_g,avg_color_b
0,1,rhombus_black,47.03547,89.77467,11.979431,9.991433,68.19859313964844,119.77699438569834,1.2137404179137057,43.957509994506836,0.676923076923077,0.16911836669740965,0.7908097335685551,12,0.29716618882957846,19,26,56
70,1,rhombus_black,47.444542,89.76382,8.964767,12.271306,90.0,110.05823479860555,0.7333333333333333,42.48456001281738,0.711781206171108,0.1737719053430171,0.756094888443704,7,0.36451201932504773,18,22,51
71,1,rhombus_black,47.03027,89.36718,10.169205,11.789906,84.80557250976562,119.95948734834383,0.8679245070520323,43.9325008392334,0.6735483870967742,0.1710904687300486,0.7542888203740906,13,0.29495234941490567,18,22,52
73,1,rhombus_black,47.444542,89.76382,9.37261,11.862174,90.0,111.2305536964559,0.7931034482758621,42.482110023498535,0.6986111111111111,0.16988761276505301,0.7730139093804278,11,0.3157583334567872,17,22,50
74,1,rhombus_black,47.03547,89.77467,10.710119,10.5414095,74.05460357666016,112.9720714497962,1.0267380100055818,42.517595291137695,0.6861559139784946,0.16997099334881127,0.74702686269682,13,0.30799033170422685,17,22,52
68,16,rhombus_black,103.86138,157.94325,9.844619,11.991638,45.0,118.13846409885446,0.8292683536592186,43.68797588348389,0.6483585858585859,0.17182957877050828,0.7436083133695082,9,0.3735813995719784,15,20,51
79,16,rhombus_black,103.86138,157.94325,11.7794485,9.893405,69.44395446777344,116.61791810207069,1.195121972547333,43.360984802246094,0.623030303030303,0.16957314009201693,0.7617485103629025,15,0.2930090997135267,15,21,51
80,1,rhombus_black,47.439327,89.35633,10.1869335,11.452351,90.0,116.72181284878752,0.8928571428571429,43.291730880737305,0.6916445623342176,0.17272812680778013,0.5796769548872163,9,0.4025253673704962,17,22,52
81,16,rhombus_black,104.26485,157.51952,12.789428,9.60586,80.53767395019531,122.93670986464713,1.3309858452966847,44.80568504333496,0.6439393939393939,0.1711378101688934,0.5861083932455708,0,0.0,14,21,49
81,1,rhombus_black,47.03547,89.77467,11.97938,9.991352,68.19859313964844,119.77556287574407,1.2137404179137057,43.957255363464355,0.6741935483870968,0.1705912575326363,0.7589556428119721,14,0.27927840408769306,17,22,52
83,16,rhombus_black,104.27225,157.93182,9.555207,11.99185,45.0,114.66669904568698,0.8048780407572926,43.1091423034668,0.6139393939393939,0.17160891767209427,0.7801259238092343,13,0.28004647565719026,15,20,50
83,1,rhombus_black,47.03547,89.77467,9.77983,11.861905,90.0,116.06279864047247,0.8275862068965517,43.29655742645264,0.7066666666666667,0.16973924804664,0.8296392837540584,7,0.291293756919913,17,23,51
84,1,rhombus_black,47.040672,90.1822,11.969648,9.924489,63.43495178222656,118.8789932684449,1.2222220905876178,43.8041296005249,0.6812903225806451,0.17080577240014605,0.8114340859423443,8,0.32850270401104353,17,22,52
85,16,rhombus_black,104.27225,157.93182,9.555218,11.991827,45.0,114.66649887326639,0.8048780150830634,43.10909652709961,0.6407828282828283,0.17095362623518398,0.7962040047317289,11,0.28952116542495787,16,20,48
85,1,rhombus_black,47.03547,89.77467,11.861905,9.782111,0.0,116.06279864047247,1.2083333333333333,43.29655742645264,0.6946666666666667,0.17114694090837954,0.7663999302460391,12,0.2921271093267327,17,22,53
86,16,rhombus_black,104.27225,157.93182,12.667946,9.489029,75.96376037597656,120.28888497280423,1.3368422568832037,44.32919120788574,0.6608072916666666,0.17078012679478344,0.7167768700868922,10,0.36452008215710524,16,20,49
86,1,rhombus_black,47.03547,89.77467,9.77983,11.861905,90.0,116.06279864047247,0.8275862068965517,43.29655742645264,0.7073333333333334,0.1700111272304996,0.8048150703694678,13,0.27880449117555356,18,22,52
88,1,rhombus_black,47.03547,89.77467,11.256512,10.141823,69.44395446777344,114.23944406560622,1.1232225829998044,42.81167507171631,0.6647435897435897,0.16976999055891548,0.647340066500131,11,0.38289160313169385,17,22,52
89,1,rhombus_black,47.03547,89.77467,10.020139,11.580514,83.6598129272461,116.10191322743776,0.8710937871600404,43.215274810791016,0.6564102564102564,0.1703691033395625,0.6318251230947963,12,0.42768361741521704,17,22,52
91,16,rhombus_black,103.86138,157.94325,11.955529,9.775708,71.56504821777344,116.95283802319318,1.2266665658724998,43.477667808532715,0.6483585858585859,0.1709946664033681,0.7849323250685499,14,0.289517201183896,16,20,50
71,18,rhombus_black,45.076313,228.5692,10.213996,11.277461,45.0,115.2655610187212,0.9210527492632375,42.99801731109619,0.6254545454545455,0.16796068649614915,0.7845490957285938,10,0.31404480049386624,13,20,51
95,18,rhombus_black,45.08151,228.98732,10.214231,10.980939,45.0,112.23613956785994,0.9459459557976572,42.405049324035645,0.6043123543123543,0.1672760098292352,0.8047112164739376,13,0.25137558058262444,15,19,51
95,16,rhombus_black,104.26485,157.51952,9.751948,13.375579,24.775142669677734,130.53025145782158,0.7365010600403255,46.26977062225342,0.6041176470588235,0.16989706200307647,0.5255126042722977,0,0.0,16,21,50
95,1,rhombus_black,47.03027,89.36718,11.295891,10.25607,71.56504821777344,115.92959929999779,1.1139240776932968,43.1190128326416,0.6966666666666667,0.16949640593955093,0.8073083235934163,12,0.25739824131596833,17,22,51
96,1,rhombus_black,47.444542,89.76382,9.77983,11.452788,90.0,112.05935663360287,0.8571428571428571,42.47786903381348,0.7310344827586207,0.16993629423503742,0.8233208326382284,8,0.27716680559387896,18,23,52
97,18,rhombus_black,45.076313,228.5692,10.683745,10.5059,45.0,112.31637200736441,1.0,42.39402389526367,0.6139393939393939,0.16852848401071643,0.752274761041214,13,0.35260617729419697,15,20,49
98,1,rhombus_black,47.03547,89.77467,9.799581,11.166892,84.2894058227539,109.4883929631178,0.8832117058963364,41.946044921875,0.7048275862068966,0.16918465163848093,0.7793820200113151,10,0.33590178919257596,17,23,50
99,1,rhombus_black,47.03547,89.77467,9.37269,11.862354,90.0,111.23313534859335,0.7931034482758621,42.482632637023926,0.7131944444444445,0.16915405959074595,0.765033939325973,12,0.2749885001394432,17,23,51
100,16,rhombus_black,104.27225,157.93182,9.413922,12.160918,40.601295471191406,114.56375149928499,0.7822877778630706,43.164368629455566,0.6401515151515151,0.1704545663512041,0.7911240527163784,13,0.2767855543285035,15,20,51
100,1,rhombus_black,47.03547,89.77467,11.337694,10.700304,70.01689147949219,121.4012786866806,1.0721310856239152,44.091912269592285,0.64625,0.17022228848225368,0.7037281825522641,9,0.3920847689732909,16,23,52
101,16,rhombus_black,103.85399,157.53094,12.735385,9.802132,68.19859313964844,124.9237843460287,1.304687531972701,45.09151554107666,0.6058823529411764,0.16922214685548942,0.5247471293814785,0,0.0,16,21,52
101,1,rhombus_black,47.03547,89.77467,11.167611,10.126313,71.56504821777344,113.16212587266637,1.1153846391777769,42.60258960723877,0.6928763440860215,0.17078502534811857,0.7356255410644083,13,0.27309379366656333,17,22,53
102,18,rhombus_black,45.076313,228.5692,10.505654,11.277283,45.0,118.55614169250475,0.94736842852465,43.58143424987793,0.6058823529411764,0.1714587891779644,0.7496808229652531,14,0.29259865265339613,14,20,52
103,1,rhombus_black,47.03547,89.77467,9.77983,11.861905,90.0,116.06279864047247,0.8275862068965517,43.29655742645264,0.7093333333333334,0.1695146721109696,0.7825811147550856,10,0.3403202471556142,17,22,54
104,18,rhombus_black,45.08151,228.98732,10.213996,11.574506,45.0,118.30293647688814,0.8974359222640219,43.59249782562256,0.6212121212121212,0.1684172900209605,0.775084666326064,14,0.30619137742490105,14,20,52
104,16,rhombus_black,104.26485,157.51952,12.559839,9.708499,73.3007583618164,122.02175424585585,1.2967479793257808,44.552361488342285,0.6157575757575757,0.16939756183673843,0.6797062569245892,12,0.3826938317312549,15,21,50
104,1,rhombus_black,47.03547,89.77467,10.295899,11.242765,81.8698959350586,115.82058862650592,0.9226804740079275,43.09148597717285,0.6993333333333334,0.1700716724753564,0.7814222028753122,11,0.2908861383118413,17,22,52
105,16,rhombus_black,104.27225,157.93182,10.08117,11.0774555,53.13010025024414,111.75100864609703,0.9179104227986796,42.33220386505127,0.658203125,0.1688272901490146,0.8142445765669635,11,0.2714076077840714,15,20,49
105,1,rhombus_black,47.03547,89.77467,9.37269,11.862354,90.0,111.23313534859335,0.7931034482758621,42.482632637023926,0.7236111111111111,0.17056180288868503,0.8155510629911316,7,0.3133629548829049,17,22,52
106,16,rhombus_black,103.85399,157.53094,12.604806,9.9055805,71.56504821777344,124.94616553734522,1.2763157800754692,45.037007331848145,0.6187878787878788,0.17091795771108115,0.6635440169487797,10,0.4565139134880155,15,21,50
106,1,rhombus_black,47.03547,89.77467,9.77983,11.861905,90.0,116.06279864047247,0.8275862068965517,43.29655742645264,0.708,0.16987229781886853,0.8160445047336127,10,0.28015137277543545,16,22,53
107,1,rhombus_black,47.03547,89.77467,11.184958,10.436579,74.74488067626953,116.8089700085111,1.082758678095855,43.25804328918457,0.6935897435897436,0.1689948600939538,0.7958202710049287,12,0.2825268608867191,17,22,54
108,18,rhombus_black,45.08151,228.98732,11.320659,10.138448,33.690067291259766,114.84745055361418,1.137930944533332,42.93226337432861,0.6094117647058823,0.1692364645707526,0.773430107958082,13,0.26028606116485137,14,20,52
108,16,rhombus_black,104.27225,157.93182,9.555207,11.99185,45.0,114.66669904568698,0.804877909176891,43.1091423034668,0.6212121212121212,0.16979636015093708,0.7893673074607293,12,0.2820562234070773,15,21,49
108,1,rhombus_black,47.03547,89.77467,11.168157,9.996748,71.56504821777344,111.71924715902423,1.129870117662541,42.34434795379639,0.694,0.16977480413304152,0.7754628343119161,13,0.2832312412524166,18,22,51
109,18,rhombus_black,45.495907,228.97525,11.434941,10.254904,33.690067291259766,117.34013460908318,1.1363637393772132,43.394036293029785,0.6111764705882353,0.16958485262734463,0.7715828930345641,11,0.3070233554727482,14,20,52
109,16,rhombus_black,103.85399,157.53094,12.966846,9.588722,75.96376037597656,124.42277918098262,1.3541667195725282,45.126946449279785,0.6628787878787878,0.17279572022499184,0.6586372340236557,0,0.0,16,21,53
109,1,rhombus_black,47.03547,89.77467,11.424611,10.256176,71.56504821777344,117.25250231553218,1.1265821886018823,43.376840591430664,0.6308243727598566,0.1694745254840075,0.7550797613843071,12,0.32268288353225216,18,22,53
110,16,rhombus_black,103.86138,157.94325,11.561881,10.521361,63.43495178222656,121.73247376293875,1.1052632169662266,44.18272686004639,0.6345454545454545,0.17125163439170932,0.7393747709018471,13,0.3212161616941627,15,21,51
110,1,rhombus_black,47.03547,89.77467,12.332362,9.924354,63.43495178222656,122.48133577707631,1.259259270960114,44.52976131439209,0.6304086538461539,0.17019842806517638,0.6657807755142539,11,0.46730931499041617,17,22,53
111,16,rhombus_black,104.27225,157.93182,9.555207,11.99185,45.0,114.66669904568698,0.804877909176891,43.1091423034668,0.6433080808080808,0.17100722843260713,0.7993417630217603,13,0.275493914879357,15,21,49
111,1,rhombus_black,46.626392,89.78553,11.681152,10.256084,71.56504821777344,119.88557725588907,1.1518986568618341,43.89007568359375,0.6376201923076923,0.17125464883379765,0.7062703069468902,13,0.34481553950955945,17,22,53
113,16,rhombus_black,104.27225,157.93182,9.844921,11.699075,45.0,115.2583528382238,0.8499999730260169,43.10306167602539,0.6496212121212122,0.17105111545146626,0.7781093869751413,11,0.30348563892766833,17,20,49
113,1,rhombus_black,47.03547,89.77467,11.494097,10.189948,69.44395446777344,117.20539185049711,1.141509341138383,43.38347911834717,0.6812903225806451,0.1697077676067005,0.776697050230151,12,0.32351058794301935,16,22,54
114,16,rhombus_black,104.27225,157.93182,9.555218,11.991827,45.0,114.66649887326639,0.8048780150830634,43.10909652709961,0.6477272727272727,0.17051318033025953,0.8154728814639499,10,0.2938399894395843,15,21,50
114,1,rhombus_black,47.03547,89.77467,9.77983,11.861905,90.0,116.06279864047247,0.8275862068965517,43.29655742645264,0.7026666666666667,0.16879454769822871,0.8098972746906368,9,0.2884639450736965,17,23,53
115,16,rhombus_black,104.27225,157.93182,13.607792,9.447707,90.0,128.64889163861517,1.434782608695652,46.12538242340088,0.6305147058823529,0.1699865988407555,0.5460698293291961,11,0.5668448954820633,16,21,52
115,1,rhombus_black,47.03547,89.77467,9.77983,11.861905,90.0,116.06279864047247,0.8275862068965517,43.29655742645264,0.6913333333333334,0.1683216138125616,0.7270137361257533,13,0.3605969374229272,18,22,52
117,1,rhombus_black,47.03027,89.36718,9.927708,11.587742,85.60128784179688,115.100161810813,0.8617886113110498,43.04451274871826,0.6933333333333334,0.1705730687088088,0.7846960294598118,9,0.3241901929464398,17,23,52
120,1,rhombus_black,47.03547,89.77467,9.77983,11.861905,90.0,116.06279864047247,0.8275862068965517,43.29655742645264,0.7033333333333334,0.16983496110921997,0.7719033753458475,10,0.3310879860073328,18,22,53
110,29,rhombus_black,45.08151,228.98732,11.077877,10.626828,38.65980529785156,117.80179582050187,1.0617285225712265,43.42432975769043,0.6129411764705882,0.1674181846720225,0.7779094288643099,13,0.30744214227888733,14,20,51
122,1,rhombus_black,47.03547,89.77467,10.911138,10.126527,71.56504821777344,110.56437187991105,1.089743599657407,42.089725494384766,0.6670967741935484,0.16798593344586363,0.7160219998666701,14,0.31962455666091827,17,22,52
125,1,rhombus_black,47.03547,89.77467,10.148283,10.945454,75.96376037597656,111.14538248507597,0.9363635382236216,42.20162487030029,0.686,0.16911469021868694,0.794947624089759,9,0.31067284507056075,17,22,52
129,1,rhombus_black,47.03547,89.77467,10.911365,10.256505,71.56504821777344,111.9861567584012,1.0759494869274573,42.35031700134277,0.642059553349876,0.1685914634520663,0.7384795702580631,17,0.30305466818048016,17,22,53
130,1,rhombus_black,47.040672,90.1822,10.911598,10.386519,71.56504821777344,113.40853634112864,1.0625000706824181,42.61100482940674,0.688,0.1694574206228163,0.7870080609723011,10,0.3179390288423747,18,22,53
131,1,rhombus_black,47.444542,89.76382,9.779744,12.270842,90.0,120.06354270469456,0.8,44.11471748352051,0.6787096774193548,0.17017336936443075,0.7413250687651194,11,0.32225807420697744,17,22,52
121,33,rhombus_black,123.02065,108.55914,12.263747,9.702401,21.037511825561523,119.05063772894209,1.2696969148079318,43.94518566131592,0.6099881093935791,0.17311570792570255,0.5728402280922448,11,0.586751259831627,19,24,53
134,1,rhombus_black,47.03547,89.77467,9.77983,11.861905,90.0,116.06279864047247,0.8275862068965517,43.29655742645264,0.7073333333333334,0.1694823902001785,0.8196690273656311,10,0.2947956490796059,17,23,54
140,1,rhombus_black,46.626392,89.78553,9.77983,12.680158,90.0,124.06987515572109,0.7741935483870968,44.93395805358887,0.645,0.17062356222398692,0.6367612538600917,12,0.47089837753446767,17,23,51
141,1,rhombus_black,47.03547,89.77467,11.580759,10.068773,70.01689910888672,116.68448190386698,1.163763023920515,43.31433963775635,0.6377171215880894,0.17071215373146037,0.7170238374102463,11,0.36245673995422706,17,23,51
122,35,rhombus_black,104.27225,157.93182,9.554989,11.991288,45.0,114.65872300125193,0.8048780150830634,43.107582092285156,0.6407828282828283,0.17178345136567122,0.7962040047317289,9,0.28720380634897286,15,21,50
142,1,rhombus_black,47.03547,89.77467,9.77983,11.861905,90.0,116.06279864047247,0.8275862068965517,43.29655742645264,0.6926666666666667,0.170493473236227,0.7739729941803039,15,0.282379849604331,17,22,52
143,1,rhombus_black,47.03547,89.77467,11.546045,10.349466,70.01689147949219,119.57857887381397,1.1288134125841092,43.80669116973877,0.6967741935483871,0.1700228684607036,0.8087826736380914,11,0.28463206492068077,17,23,53
144,1,rhombus_black,47.03547,89.77467,11.787999,9.924281,63.43495178222656,117.07164167524024,1.2037036291107612,43.44017028808594,0.6743589743589744,0.16934692658528006,0.7159787698694215,0,0.0,17,23,53
146,1,rhombus_black,47.03547,89.77467,9.77983,11.861905,90.0,116.06279864047247,0.8275862068965517,43.29655742645264,0.706,0.17019589851212208,0.7748300172340181,12,0.31795589040848427,18,22,54
149,1,rhombus_black,47.03547,89.77467,9.77983,11.861905,90.0,116.06279864047247,0.8275862068965517,43.29655742645264,0.7086666666666667,0.17055567780246067,0.8002860949065431,9,0.3114561663242057,18,22,54
150,1,rhombus_black,47.03547,89.77467,9.77983,11.861905,90.0,116.06279864047247,0.8275862068965517,43.29655742645264,0.7013333333333334,0.16913222098899555,0.8083604719804415,14,0.2787869992067239,17,22,53
124,36,rhombus_black,45.495907,228.97525,10.505981,11.277461,45.0,118.56168191455072,0.94736842852465,43.58244514465332,0.6508951406649617,0.17106688012219265,0.788205503292161,10,0.30308682518079877,14,20,50
151,36,rhombus_black,45.08151,228.98732,11.617181,9.582714,26.56505012512207,111.38736007455736,1.2352943488502959,42.412516593933105,0.5931490384615384,0.16786238094443576,0.7802111686309751,11,0.29855872137175704,14,20,50
152,1,rhombus_black,47.03547,89.77467,9.77983,11.861905,90.0,116.06279864047247,0.8275862068965517,43.29655742645264,0.7033333333333334,0.17044225523333312,0.6808798237259694,12,0.38693255416001193,17,23,52
153,1,rhombus_black,47.03547,89.77467,11.2960615,10.256053,71.56504821777344,115.93115260195918,1.1139239839484003,43.11931800842285,0.6906666666666667,0.17047227276004215,0.7676765043963998,10,0.30729689919389785,16,22,52
154,1,rhombus_black,47.03547,89.77467,9.77983,11.861905,90.0,116.06279864047247,0.8275862068965517,43.29655742645264,0.6833333333333333,0.1710378715714745,0.7692819252092091,12,0.3118541086150799,16,22,52
155,1,rhombus_black,47.03547,89.77467,12.436977,9.625136,5.710593223571777,119.74186856915185,1.2911392466491318,44.13425922393799,0.6711538461538461,0.1724476412847359,0.752535162079623,12,0.3409187568274016,17,23,52
156,36,rhombus_black,45.495907,228.97525,11.808087,9.656297,30.963754653930664,114.09195496406755,1.2462688078461148,42.94237041473389,0.5858823529411765,0.167847080048267,0.7629295928327617,16,0.2785170182760339,14,20,50
157,36,rhombus_black,45.08151,228.98732,11.206248,9.905178,33.690067291259766,111.06956139017711,1.1529411660003486,42.236422538757324,0.6165865384615384,0.1666076293741097,0.8066435107572288,11,0.25006971597163513,14,20,51
158,36,rhombus_black,45.08151,228.98732,10.214231,10.980939,45.0,112.23613956785994,0.9459459597383407,42.405049324035645,0.610909090909091,0.16804812385685286,0.8073863755734726,12,0.26654655920962494,15,19,50
141,40,rhombus_black,123.01257,108.15073,12.023598,9.901202,17.10272979736328,119.1073874674039,1.2188449172138758,43.86184120178223,0.6544871794871795,0.17206006271018678,0.7284904746217221,11,0.34381429749456316,19,23,53
159,36,rhombus_black,45.08151,228.98732,11.666449,9.728241,30.963754653930664,113.56353301199852,1.222222258836734,42.80294895172119,0.6163636363636363,0.16857150862554943,0.7832063856883968,12,0.29297239385778084,14,20,52
160,36,rhombus_black,45.4907,228.55714,11.362209,9.931928,32.0053825378418,112.9189248503244,1.165919140308512,42.60188579559326,0.603030303030303,0.1699949413228281,0.7865350665772984,15,0.25348319618497045,14,19,49
161,1,rhombus_black,47.03547,89.77467,9.77983,11.861905,90.0,116.06279864047247,0.8275862068965517,43.29655742645264,0.6933333333333334,0.16828218133829642,0.7846960294598118,10,0.31405605595791714,18,22,52
162,36,rhombus_black,45.076313,228.5692,10.213996,11.277461,45.0,115.2655610187212,0.9210527492632375,42.99801731109619,0.580316742081448,0.17033746330622337,0.7579249013652483,14,0.2732576677808538,14,20,52
162,1,rhombus_black,47.439327,89.35633,9.371901,12.270842,90.0,115.05435533088166,0.7666666666666667,43.298462867736816,0.6888440860215054,0.17118407016661788,0.763544097185124,13,0.28846413158596707,17,22,51
163,1,rhombus_black,47.03547,89.77467,9.77983,11.861905,90.0,116.06279864047247,0.8275862068965517,43.29655742645264,0.7066666666666667,0.17004041568047018,0.7658487964215449,13,0.2985179400465523,17,23,53
164,1,rhombus_black,47.439327,89.35633,11.452351,10.189228,0.0,116.72181284878752,1.12,43.291730880737305,0.6929708222811671,0.1696249889154684,0.7199666719443869,12,0.3396454930092053,18,22,53
166,36,rhombus_black,45.08151,228.98732,10.64448,10.98733,42.51044845581055,117.03370599646587,0.9859155319670924,43.27877902984619,0.5252057613168725,0.1698216038119972,0.6893483470099498,11,0.38942193472757936,14,21,52
167,1,rhombus_black,47.444542,89.76382,9.77983,11.452788,90.0,112.05935663360287,0.8571428571428571,42.47786903381348,0.7158620689655173,0.16904072802396145,0.8062330396349657,11,0.2658254503039643,17,22,52
168,1,rhombus_black,47.03027,89.36718,10.122652,11.329327,84.2894058227539,114.74516160954954,0.8992805770277379,42.91769886016846,0.6973333333333334,0.17054219052103656,0.7976845311061777,11,0.2884316107427532,17,22,55
169,1,rhombus_black,46.626392,89.78553,12.150507,9.740324,63.43495178222656,118.43605507124448,1.264150940359586,43.79744911193848,0.6711538461538461,0.1700581085253018,0.7799323627591704,12,0.2725859419539726,17,22,53
170,36,rhombus_black,45.08151,228.98732,10.214231,10.980939,45.0,112.23613956785994,0.9459460287003205,42.405049324035645,0.5984848484848485,0.16760435769630527,0.7765970266506027,9,0.3181362158308427,15,20,52
171,1,rhombus_black,47.03547,89.77467,11.602766,9.915322,68.19859313964844,115.12522421046742,1.1846152168696622,43.051350593566895,0.6936339522546419,0.16940125261891167,0.8037500531567575,12,0.2728657206753269,18,23,51
172,1,rhombus_black,47.444542,89.76382,9.77983,11.452788,90.0,112.05935663360287,0.8571428571428571,42.47786903381348,0.7213793103448276,0.16941913024825542,0.7976845311061777,11,0.28767609973014757,18,22,52
174,1,rhombus_black,47.03027,89.36718,11.581852,10.320447,72.89727020263672,119.61115881035221,1.1345028756239723,43.8200740814209,0.6495037220843672,0.17027635344829206,0.7470416541300602,10,0.321632601460442,17,23,53
175,36,rhombus_black,45.08151,228.98732,10.214231,10.980939,45.0,112.23613956785994,0.9459460287003205,42.405049324035645,0.6072261072261073,0.16729597922690667,0.8042480131811343,12,0.27890658110845834,14,21,52
175,1,rhombus_black,47.03027,89.36718,10.983303,10.895129,80.53767395019531,119.73704928290681,1.0000000711776043,43.77164363861084,0.658641975308642,0.16951456376804733,0.794830784206337,11,0.31555339169095864,17,23,54
176,1,rhombus_black,47.03547,89.77467,9.77983,11.861905,90.0,116.06279864047247,0.8275862068965517,43.29655742645264,0.6933333333333334,0.17041369509784118,0.7846960376604125,12,0.30150760905235074,18,23,50
179,1,rhombus_black,47.03547,89.77467,9.77983,11.861905,90.0,116.06279864047247,0.8275862068965517,43.29655742645264,0.7073333333333334,0.1707039308564783,0.7844881086304605,10,0.33904683182481676,16,22,54
165,47,rhombus_black,61.66502,170.27562,12.327224,9.452295,18.43494987487793,116.57477285683854,1.3194443955775887,43.571125984191895,0.6051373954599761,0.1720118417800055,0.6385204013183869,13,0.4442451197045067,19,23,52
180,36,rhombus_black,45.076313,228.5692,10.5059,10.980762,45.0,115.44020497362362,0.9729728705151834,42.988471031188965,0.5605555555555556,0.16911125724961182,0.7052643263630993,12,0.29623283946421,14,20,50
181,1,rhombus_black,47.444542,89.76382,9.77983,11.452788,90.0,112.05935663360287,0.8571428571428571,42.47786903381348,0.7124137931034483,0.1694090965509954,0.7835758393155186,10,0.32965539376018566,17,22,52
182,1,rhombus_black,47.03547,89.77467,10.360915,11.118706,80.53767395019531,115.26726905885153,0.9393940182317955,42.973464012145996,0.6973333333333334,0.16914434189713135,0.7693419665117702,11,0.3166454547529363,17,22,53
183,36,rhombus_black,45.495907,228.97525,9.92231,11.277638,45.0,111.97483510969323,0.894736928033475,42.41458511352539,0.5684389140271493,0.17035202771289776,0.7463337877668917,10,0.30598852145485583,15,20,51
183,1,rhombus_black,47.444542,89.76382,9.77983,11.452788,90.0,112.05935663360287,0.8571428571428571,42.47786903381348,0.7089655172413794,0.1693735422930446,0.8196811104635696,11,0.2690089886309579,17,22,52
184,36,rhombus_black,45.08151,228.98732,10.644318,11.270997,42.51044845581055,120.05491512434673,0.9610984576767726,43.84620666503906,0.5544871794871795,0.17017047589262205,0.6537332818914874,10,0.3527745615574531,15,21,53
184,1,rhombus_black,47.444542,89.76382,9.77983,11.452788,90.0,112.05935663360287,0.8571428571428571,42.47786903381348,0.716551724137931,0.16840970101863495,0.817625464327595,9,0.2836886375832061,17,22,51
185,1,rhombus_black,47.03547,89.77467,11.589004,9.94941,69.44395446777344,115.38330261956435,1.178743960592014,43.09196090698242,0.6743589743589744,0.16950374003314544,0.8083604655864635,12,0.2587801310583018,17,23,53
187,1,rhombus_black,47.03027,89.36718,11.167483,10.385831,71.56504821777344,116.06156205909792,1.0875000084818902,43.12173271179199,0.694,0.16928431861011067,0.7896441925114194,10,0.3091937641147524,16,23,51
189,36,rhombus_black,45.08151,228.98732,11.663861,10.1386175,33.690067291259766,118.33188471820904,1.1724138067321515,43.61942481994629,0.5740950226244343,0.17109643360880555,0.7349196105178041,13,0.2874210197478533,14,20,51
190,36,rhombus_black,45.495907,228.97525,11.663861,9.905329,33.690067291259766,115.60787745009293,1.2000000485438385,43.152506828308105,0.5582417582417583,0.17144839203211443,0.7318263171254591,12,0.30023314207210205,14,20,52
191,36,rhombus_black,45.076313,228.5692,10.16553,11.344423,47.72631072998047,115.3989168801927,0.9104478475195634,43.03518867492676,0.5645714285714286,0.17120194819447335,0.6704361198167584,10,0.3724166342057288,14,20,50
192,1,rhombus_black,47.03547,89.77467,11.861905,9.782111,-0.0,116.06279864047247,1.2083333333333333,43.29655742645264,0.6926666666666667,0.1694650237196569,0.7881271047256145,12,0.29572211021635064,17,22,52
196,1,rhombus_black,47.03547,89.77467,11.296368,10.256287,71.56504821777344,115.93695943067723,1.1139239926463755,43.12040615081787,0.7013333333333334,0.1704596826755882,0.7795325142046424,11,0.28167485335672443,18,22,53
197,36,rhombus_black,45.076313,228.5692,9.822627,12.168387,52.12501525878906,119.60494389254018,0.8187311047242173,43.998053550720215,0.5994117647058823,0.17048852974918124,0.7567304714634057,14,0.31167942346239996,13,21,51
197,1,rhombus_black,47.444542,89.76382,9.779744,11.861726,90.0,116.06010228625382,0.8275862068965517,43.296030044555664,0.6926666666666667,0.1707195113338471,0.728415887791086,13,0.30549455447516477,18,22,53
186,52,rhombus_black,104.26485,157.51952,12.984305,9.913636,77.47119140625,128.81209264014615,1.3108108461347197,45.81204605102539,0.5920745920745921,0.17103198528418018,0.635503609364445,12,0.4927898462240895,16,21,50
198,36,rhombus_black,45.08151,228.98732,9.931569,11.911133,52.12501525878906,118.37410832289606,0.8456789978442829,43.701255798339844,0.6094117647058823,0.16912909411864477,0.7935693313387204,12,0.29300543549470603,14,21,52
198,52,rhombus_black,104.27225,157.93182,9.126472,13.339899,30.963754653930664,121.83541232161224,0.6914892811468843,44.947367668151855,0.6268382352941176,0.1775522584241484,0.767780889306999,13,0.26900761152725094,15,21,51
199,36,rhombus_black,45.076313,228.5692,10.213996,11.277461,45.0,115.2655610187212,0.9210527492632375,42.99801731109619,0.6224242424242424,0.16766113168444355,0.7626714566603543,12,0.3198753721662797,15,20,51
203,36,rhombus_black,45.076313,228.5692,10.213996,11.277461,45.0,115.2655610187212,0.9210527492632375,42.99801731109619,0.5845714285714285,0.17017710683046094,0.7150499544649701,12,0.32162185676861554,15,20,52
204,36,rhombus_black,45.08151,228.98732,11.608312,9.641705,29.744882583618164,111.99094637657981,1.2270268756105298,42.51326656341553,0.6490885416666666,0.16894365567667208,0.8182461941615933,8,0.2542572342645144,13,20,50
201,55,rhombus_black,61.67082,170.68918,12.127529,9.743948,6.340191841125488,118.20745172037277,1.2535211918594964,43.75291919708252,0.682,0.16983782976857534,0.6947874277576028,10,0.43910420875763523,19,22,55
208,36,rhombus_black,45.08151,228.98732,12.170659,9.39492,26.56505012512207,114.40725724698859,1.3199998703451787,43.14424991607666,0.5903263403263403,0.17152507235706463,0.6676321616138433,10,0.4025144639192149,14,20,51
211,36,rhombus_black,45.076313,228.5692,10.505654,11.277283,45.0,118.55614169250475,0.9473684359966663,43.58143424987793,0.5054563492063492,0.1706604568585082,0.6138903986536977,8,0.49512037585373037,13,20,51
206,56,rhombus_black,47.03547,89.77467,9.77983,11.861905,90.0,116.06279864047247,0.8275862068965517,43.29655742645264,0.712,0.16977866132610886,0.7636602190450992,10,0.3240842016879469,17,23,54
212,36,rhombus_black,45.08151,228.98732,10.506227,11.277983,45.0,118.56979062082246,0.9473682940283364,43.58395576477051,0.5718294051627385,0.16906234793553712,0.7378158511011841,12,0.34071193092192215,14,19,51
213,36,rhombus_black,45.08151,228.98732,10.5059,11.277806,45.0,118.56427811237518,0.94736842852465,43.582950592041016,0.5550213675213675,0.16851059131457463,0.6575539358672849,13,0.3209421616047621,14,19,51
214,36,rhombus_black,45.08151,228.98732,11.986202,9.771074,26.56505012512207,117.18621744017582,1.250000061513866,43.5279598236084,0.631875,0.16858173941610366,0.7785857072675911,10,0.2879922514781356,13,20,49
215,36,rhombus_black,45.08151,228.98732,11.801654,9.770779,26.56505012512207,115.37821149584488,1.2307691866054296,43.1580696105957,0.616969696969697,0.17030967763846172,0.7942448555479369,13,0.25820363151769227,13,19,49
216,36,rhombus_black,45.08151,228.98732,11.813372,9.835819,29.05460548400879,116.26446291792672,1.2240665043203005,43.31202507019043,0.64,0.16852879513530425,0.7784673279589273,13,0.2784952593680758,13,19,49
217,36,rhombus_black,45.08151,228.98732,11.878707,9.758542,28.610462188720703,115.98815521749202,1.2405497494382092,43.288031578063965,0.5648148148148148,0.16913087775741886,0.6834497087607814,13,0.36385840853640383,14,20,51
220,36,rhombus_black,45.08151,228.98732,11.830252,9.9376,31.607501983642578,117.63826311018784,1.2132963658279727,43.54985046386719,0.6002331002331003,0.16922947643505404,0.7889733699603109,12,0.2884117973929582,14,19,49
221,36,rhombus_black,45.08151,228.98732,11.985999,9.770738,26.56505012512207,117.180202118936,1.2499999589907593,43.52688121795654,0.6272727272727273,0.16936877793171085,0.7970684435081934,12,0.27166592865251005,14,19,49
222,36,rhombus_black,45.08151,228.98732,10.505981,11.574506,45.0,121.68584998697042,0.9230768379519249,44.17692470550537,0.6051428571428571,0.17248990953861565,0.7667782063939913,10,0.30260317599168046,14,19,51
224,36,rhombus_black,45.08151,228.98732,10.213996,11.574506,45.0,118.30293647688814,0.8974358530999609,43.59249782562256,0.6351515151515151,0.16942179630918147,0.8176508968929833,12,0.2560615486775836,13,19,50
225,36,rhombus_black,45.08151,228.98732,12.170353,9.958728,26.56505012512207,121.27289383529569,1.2452829930564822,44.27200889587402,0.6393939393939394,0.1686489102999455,0.7917974958151357,11,0.3092470094561577,14,19,50
226,36,rhombus_black,45.08151,228.98732,10.505981,11.871566,45.0,124.81026010870119,0.8999998921040678,44.771437644958496,0.6311764705882353,0.17208259753250488,0.7769150128562448,11,0.32389839634891937,14,19,51
227,36,rhombus_black,45.08151,228.98732,10.505654,11.871379,45.0,124.80455864808755,0.9000000269739831,44.77043056488037,0.6125714285714285,0.17251302996566756,0.7665203501825504,11,0.31040513739836484,13,19,49
214,61,rhombus_black,47.03027,89.36718,10.694806,11.185813,80.53767395019531,119.70196835885872,0.9638553863200862,43.77601718902588,0.6794871794871795,0.1699075576867558,0.7796390784779708,12,0.3033522453624755,17,22,51
228,61,rhombus_black,47.03547,89.77467,11.853427,9.981069,60.945396423339844,118.39609683708113,1.2040000197944565,43.68482685089111,0.6248506571087217,0.17009298952588073,0.7118952407637024,11,0.38139913413165644,16,21,49
230,36,rhombus_black,45.08151,228.98732,10.238414,12.564499,54.462318420410156,128.7276833144133,0.8255813835171201,45.62315082550049,0.6416083916083916,0.1691097301793081,0.7913478658667098,10,0.3041440374683589,13,19,50
236,67,rhombus_black,47.444542,89.76382,9.37261,12.271306,90.0,115.06742155989923,0.7666666666666667,43.30081367492676,0.7036290322580645,0.17324528054122454,0.7741367104015948,8,0.3627349828602746,31,37,64
243,69,rhombus_black,47.03547,89.77467,9.37269,12.271494,90.0,115.07004066686204,0.7666666666666667,43.30134105682373,0.7123655913978495,0.17001956552561223,0.7878909415524168,10,0.27315789652056993,32,38,65
245,70,rhombus_black,123.02873,108.9676,11.438226,10.216679,90.0,116.93121899332618,1.12,43.32290172576904,0.7460212201591512,0.16926818103512925,0.7773961205401829,10,0.341806355305016,34,37,67
263,72,rhombus_black,194.63387,6.363183,10.810315,10.498009,90.0,113.55491287705809,1.0384615384615385,42.62934112548828,0.7308201058201058,0.16886018955854148,0.6804473876388966,11,0.33156637847423553,48,48,82
268,73,rhombus_black,62.082764,170.67763,11.16644,11.121246,90.0,124.25032098620431,1.0,44.589301109313965,0.732780612244898,0.16878438469883236,0.7803624207940606,11,0.32618718421806325,38,41,69
282,78,rhombus_black,62.088577,171.0912,10.75328,11.121673,90.0,119.65534675464733,0.9629629629629629,43.76332092285156,0.7255291005291006,0.17065976595434337,0.805100998581988,11,0.2996160818094557,35,39,66
336,97,rhombus_black,47.858845,90.16048,9.780405,12.271123,90.0,120.07440787024098,0.8,44.116594314575195,0.7135483870967742,0.1693708939933221,0.7932353412267521,11,0.2916003149320287,34,39,67
377,97,rhombus_black,47.44976,90.17134,9.780492,11.862174,90.0,116.07328094432887,0.8275862068965517,43.29841136932373,0.736,0.1683762194780883,0.820595850688194,10,0.2709374592872336,35,39,66
378,97,rhombus_black,47.44976,90.17134,9.897638,11.619636,85.60128784179688,115.06727163794858,0.856756632503684,43.04815196990967,0.71,0.16995831752428422,0.7466438118359062,12,0.31883881153771654,35,38,65
383,97,rhombus_black,47.44976,90.17134,10.481858,11.59136,81.25383758544922,121.57089000873384,0.9112903231245069,44.16136455535889,0.674317617866005,0.17027311095634137,0.7620674417930543,11,0.34920886787585914,35,39,64
386,97,rhombus_black,47.444542,89.76382,12.522821,9.900439,60.945396423339844,124.07449244450254,1.2822580204546825,44.86311149597168,0.69,0.1712823054685341,0.7779685151930983,12,0.2895632513876384,36,39,66
387,97,rhombus_black,47.44976,90.17134,9.780405,12.680255,90.0,124.07834770251065,0.7741935483870968,44.93532180786133,0.689375,0.17120968746322549,0.7677091200376982,13,0.29461706184352243,36,39,66
390,97,rhombus_black,47.44976,90.17134,9.780405,12.680255,90.0,124.07834770251065,0.7741935483870968,44.93532180786133,0.703125,0.17149137511789084,0.8026951850631121,11,0.26670936993534927,36,39,67
391,97,rhombus_black,47.44976,90.17134,9.780405,12.680255,90.0,124.07834770251065,0.7741935483870968,44.93532180786133,0.696875,0.172379988408933,0.7681941006790841,9,0.2955558527028188,35,39,67
393,97,rhombus_black,47.444542,89.76382,12.1984005,10.1406765,66.80140686035156,123.79049760456837,1.2180850788468358,44.694536209106445,0.6622596153846154,0.17173939979294994,0.7822341020288011,11,0.28970817697700113,35,39,65
395,97,rhombus_black,47.444542,89.76382,12.016365,10.429545,69.44395446777344,125.41549514238432,1.1658986334310366,44.908287048339844,0.6712740384615384,0.17127011186843327,0.7695720311596939,12,0.2845368318958208,35,39,67
399,97,rhombus_black,47.444542,89.76382,12.149738,10.177803,66.03751373291016,123.74832268019964,1.2090164366697989,44.67149353027344,0.6762246117084827,0.16966356610834857,0.7269944137716675,15,0.29894133703783154,35,40,67
400,97,rhombus_black,47.44976,90.17134,9.780492,11.862174,90.0,116.07328094432887,0.8275862068965517,43.29841136932373,0.7366666666666667,0.16948824046509509,0.8319060556722603,10,0.24323880011215807,35,39,67
403,97,rhombus_black,47.858845,90.16048,9.780405,12.271123,90.0,120.07440787024098,0.8,44.116594314575195,0.7070967741935484,0.17043301969051614,0.8061173847242172,12,0.2886577807366848,35,39,65
404,97,rhombus_black,47.444542,89.76382,10.325325,11.900888,85.91438293457031,122.94752483180491,0.8725491161004749,44.466917991638184,0.673697270471464,0.17118377327177056,0.7788911157226119,12,0.3177713843372961,35,39,66
405,97,rhombus_black,47.44976,90.17134,9.780492,12.271306,90.0,120.0772208043636,0.8,44.11713790893555,0.7,0.17073377736483236,0.7551807753770649,11,0.3130208975741301,36,38,66
406,97,rhombus_black,47.444542,89.76382,12.066605,10.255696,71.56504821777344,123.83884729762212,1.1898733210772927,44.66071605682373,0.6767990074441688,0.17031803785186483,0.7593568902639426,10,0.34504537433385846,36,38,66
407,97,rhombus_black,47.444542,89.76382,12.20556,10.21984,68.19859313964844,124.82965757166676,1.2089552856599393,44.867244720458984,0.6805210918114144,0.16995510373796496,0.7635330051508205,13,0.32819611088444406,36,38,66
408,97,rhombus_black,47.44976,90.17134,9.780492,11.862174,90.0,116.07328094432887,0.8275862068965517,43.29841136932373,0.7253333333333334,0.16947750648750182,0.7943242975792749,11,0.3020224749131805,35,39,65
409,97,rhombus_black,47.444542,89.76382,10.334695,11.534939,83.6598129272461,119.2770238686644,0.901960793610337,43.75361442565918,0.708974358974359,0.16978226586832823,0.7932353371855955,12,0.31192230788292363,34,39,67
410,97,rhombus_black,47.858845,90.16048,9.780405,12.271123,90.0,120.07440787024098,0.8,44.116594314575195,0.7303225806451613,0.16930085703177544,0.7976996047516041,11,0.29666533280925994,35,39,68
384,110,rhombus_black,62.082764,170.67763,11.580766,10.708504,4.085616588592529,124.05432408221532,1.088154334985411,44.58850383758545,0.7098214285714286,0.1704651559936842,0.7559124214019667,11,0.33405413415113633,34,39,66
411,97,rhombus_black,47.858845,90.16048,9.780405,12.271123,90.0,120.07440787024098,0.8,44.116594314575195,0.7187096774193549,0.16896125005249932,0.7989730270123667,12,0.28945371211739257,35,39,67
412,110,rhombus_black,62.082764,170.67763,12.385613,10.21787,77.47119140625,126.6352501612273,1.2149122749510806,45.22291564941406,0.6865763546798029,0.1707855596486533,0.7760613537062685,13,0.3117791542228168,35,39,63
388,112,rhombus_black,45.4907,228.55714,10.213829,11.870649,45.0,121.32932828654884,0.8750000590055919,44.18486309051514,0.6416083916083916,0.16724363365746497,0.8176253734640276,13,0.26438658498227596,34,39,69
413,112,rhombus_black,45.4907,228.55714,9.837999,12.487489,53.13010025024414,122.93427588697523,0.7986576107298975,44.6674861907959,0.6410256410256411,0.16818533921774548,0.8212095698183695,11,0.26759862365328113,34,39,66
413,110,rhombus_black,62.082764,170.67763,11.16644,11.121246,90.0,124.25032098620431,1.0,44.589301109313965,0.7181122448979592,0.16918419702893184,0.7934715129703214,13,0.2961363439860109,35,38,65
414,112,rhombus_black,45.9103,228.9632,10.505817,11.870649,45.0,124.7988073589222,0.8999998921040678,44.76929759979248,0.6451048951048951,0.16829715409260934,0.7817458199208772,13,0.29117707266973764,33,39,68
414,110,rhombus_black,62.082764,170.67763,11.16644,11.121246,90.0,124.25032098620431,1.0,44.589301109313965,0.7200255102040817,0.1691543901248946,0.7858056218245535,13,0.28979855399722093,35,39,65
414,97,rhombus_black,47.444542,89.76382,11.681708,10.645436,71.56504821777344,124.4439580822509,1.1097560437397418,44.67049598693848,0.6670673076923077,0.17104906767433792,0.7686503131824212,11,0.3237740973814983,35,39,66
415,112,rhombus_black,45.495907,228.97525,10.049463,12.079658,50.19443130493164,121.4764985240763,0.8444444547435137,44.274447441101074,0.5878306878306878,0.1675296375300357,0.782211427077765,12,0.2589937032898888,33,39,67
415,97,rhombus_black,47.44976,90.17134,9.780492,12.271306,90.0,120.0772208043636,0.8,44.11713790893555,0.7148387096774194,0.17030562536584914,0.8089258471671292,8,0.28872668436088134,36,39,65
416,112,rhombus_black,45.495907,228.97525,10.214071,11.574153,45.0,118.30020446301205,0.8974358530999609,43.59194278717041,0.6045751633986928,0.16716533177476517,0.805442263648451,9,0.3315658745511124,34,39,67
416,110,rhombus_black,62.088577,171.0912,10.75328,11.121673,90.0,119.65534675464733,0.9629629629629629,43.76332092285156,0.7261904761904762,0.17014000093452322,0.8161360927464821,7,0.3270389262719878,35,38,64
416,97,rhombus_black,47.44976,90.17134,10.204691,12.063319,84.2894058227539,123.17104138474679,0.8513514003580387,44.550753593444824,0.69125,0.1702681839826459,0.7658804002269616,10,0.3157179337693378,34,40,65
417,112,rhombus_black,45.495907,228.97525,10.50606,11.574153,45.0,121.68304808958783,0.9230768379519249,44.176377296447754,0.5761316872427984,0.1682614632110065,0.7600085549942166,12,0.3116873512044549,34,39,68
417,110,rhombus_black,62.082764,170.67763,11.16644,11.121246,90.0,124.25032098620431,1.0,44.589301109313965,0.7066326530612245,0.17141931875761002,0.794669761157722,10,0.27447601467138155,35,38,65
418,112,rhombus_black,45.905075,228.54509,11.206259,11.478725,38.65980529785156,128.72491581295617,0.9942857166784632,45.38627624511719,0.5957671957671957,0.16848945809767268,0.7210672640841509,12,0.40956636326154694,34,39,69
418,110,rhombus_black,62.494705,170.66608,11.16634,11.5330515,90.0,128.85061967434012,0.9642857142857143,45.41324043273926,0.6982758620689655,0.16993448984163148,0.7991089680108825,13,0.28929886651726866,35,39,65
419,112,rhombus_black,45.4907,228.55714,11.914477,10.318515,29.744882583618164,123.01752140623285,1.176767754824256,44.48051071166992,0.6100217864923747,0.16792322556662287,0.7732656921186558,16,0.272762788226828,33,38,69
419,110,rhombus_black,62.088577,171.0912,10.75328,11.121673,90.0,119.65534675464733,0.9629629629629629,43.76332092285156,0.7301587301587301,0.17068884159259604,0.8060055331066753,11,0.2775854875587604,35,39,64
419,97,rhombus_black,47.444542,89.76382,12.332303,9.923857,63.43495178222656,122.47470230943873,1.2592591715028563,44.52865982055664,0.695625,0.17049833078692783,0.8143397631552993,10,0.25297946139471605,34,40,66
420,112,rhombus_black,45.4907,228.55714,11.142043,11.399282,39.80556869506836,127.1011912181275,0.995283173325497,45.09888935089111,0.6225274725274725,0.16864885887050426,0.8059599017572256,14,0.237398779360644,35,38,69
420,110,rhombus_black,62.09439,171.5048,11.581341,11.121673,90.0,128.87431206874317,1.037037037037037,45.420464515686035,0.6773399014778325,0.1700076627789274,0.6852936567419191,9,0.45167803086547387,35,38,64
420,97,rhombus_black,47.44976,90.17134,9.780492,12.271306,90.0,120.0772208043636,0.8,44.11713790893555,0.7219354838709677,0.17176059312915556,0.792606913798927,12,0.27844581230116694,35,39,66
421,112,rhombus_black,45.4907,228.55714,11.2820215,11.141763,38.65980529785156,125.7897239785234,1.005813879592856,44.86351203918457,0.630656108597285,0.16865600852774013,0.8073254876077504,13,0.27403248008340597,35,38,68
421,97,rhombus_black,47.44976,90.17134,9.780492,11.862174,90.0,116.07328094432887,0.8275862068965517,43.29841136932373,0.736,0.16937339271180624,0.8060055351781168,9,0.3017491223031862,36,39,65
422,110,rhombus_black,62.082764,170.67763,10.339311,11.121673,90.0,115.04674108629115,0.9259259259259259,42.93485927581787,0.75,0.16922150588229184,0.8116763284672067,11,0.2894713283855129,35,39,62
422,97,rhombus_black,47.444542,89.76382,10.187625,11.861726,90.0,120.90283010521671,0.8620689655172413,44.11233043670654,0.7185897435897436,0.17035725032504187,0.8288512417533362,10,0.28302496091928336,35,39,67
423,110,rhombus_black,62.088577,171.0912,10.75328,11.121673,90.0,119.65534675464733,0.9629629629629629,43.76332092285156,0.7314814814814815,0.16926150218616462,0.8074656922083437,11,0.30211288249120116,35,39,62
423,97,rhombus_black,47.444542,89.76382,10.187625,11.861726,90.0,120.90283010521671,0.8620689655172413,44.11233043670654,0.7102564102564103,0.17018213546319458,0.7807872436688419,11,0.30331338484856213,36,39,68
424,110,rhombus_black,62.088577,171.0912,10.75328,11.121673,90.0,119.65534675464733,0.9629629629629629,43.76332092285156,0.7301587301587301,0.16886694473556624,0.8205958570720172,9,0.2940349979326129,35,38,64
424,97,rhombus_black,47.444542,89.76382,11.904534,10.14388,68.19859313964844,120.84438971565396,1.187969935264004,44.11275577545166,0.6904466501240695,0.16939116324617187,0.7802953639186513,12,0.2830448676540982,36,39,66
425,97,rhombus_black,47.444542,89.76382,12.281316,10.220041,68.19859313964844,125.60737389868882,1.2164180620359624,45.0192813873291,0.6754807692307693,0.1711649545482747,0.7649811210362559,12,0.3172546982144316,34,39,68
428,97,rhombus_black,47.444542,89.76382,12.314432,10.052669,66.03751373291016,123.8840763089247,1.2406639673651878,44.75063514709473,0.6910669975186104,0.16983300450640987,0.785015335418098,11,0.31387275410816073,34,40,66
429,97,rhombus_black,47.444542,89.76382,12.314432,10.052669,66.03751373291016,123.8840763089247,1.2406639673651878,44.75063514709473,0.6929280397022333,0.17002345058246995,0.7969871324386602,10,0.3081830001901835,35,40,65
430,97,rhombus_black,47.444542,89.76382,11.809848,10.515609,71.56504821777344,124.27486815871089,1.1358024231705068,44.66707992553711,0.6892059553349876,0.17072464028844167,0.7732772771010442,12,0.3151546060689725,34,40,66
431,97,rhombus_black,47.03547,89.77467,10.187625,12.679967,90.0,129.24389826103288,0.8064516129032258,45.749756813049316,0.6820913461538461,0.17013659247845367,0.7203633696629838,15,0.2921513751071567,35,40,67
436,97,rhombus_black,47.444542,89.76382,11.861274,10.597195,0.0,125.73176941636484,1.1153846153846154,44.92617702484131,0.6932098765432099,0.17005271477282044,0.7873061019531044,9,0.3232665652176365,35,39,68
437,97,rhombus_black,47.85361,89.75296,10.187538,12.270659,90.0,125.07045920360542,0.8333333333333334,44.930498123168945,0.7040942928039702,0.16962944688678805,0.7631341014800374,12,0.2950141203279297,36,40,67
438,97,rhombus_black,47.85361,89.75296,12.270659,10.189999,0.0,125.07045920360542,1.2,44.930498123168945,0.6792803970223326,0.17099705958662575,0.7676760280209255,11,0.34961501792581245,36,39,66
439,97,rhombus_black,47.444542,89.76382,12.694673,9.92359,63.43495178222656,126.07176512700971,1.2962962758198007,45.253336906433105,0.6612903225806451,0.17095771580694197,0.7443078820892759,14,0.2981406006646077,35,39,65
445,97,rhombus_black,47.85361,89.75296,10.187538,12.270659,90.0,125.07045920360542,0.8333333333333334,44.930498123168945,0.7034739454094293,0.1692743949571475,0.7852697774478973,11,0.31647934000515804,35,40,66
446,97,rhombus_black,47.444542,89.76382,12.332303,10.107752,63.43495178222656,124.74485194295994,1.2363634460265296,44.896745681762695,0.7009925558312655,0.16922876358785022,0.8104484026247526,10,0.27119653709232805,35,39,67
448,97,rhombus_black,47.444542,89.76382,11.810022,10.645451,71.56504821777344,125.8117009967973,1.121951135192262,44.92733097076416,0.6591435185185185,0.17156028201285087,0.7791200259915756,13,0.29055034725640255,35,40,69
449,97,rhombus_black,47.44976,90.17134,12.719991,9.900583,60.945396423339844,126.03070989172556,1.30241925107081,45.25799083709717,0.6772836538461539,0.17151929302127017,0.7901103939732417,12,0.29550861098687164,35,39,67
450,97,rhombus_black,47.44976,90.17134,12.719897,10.020242,60.945396423339844,127.5535184838227,1.286852391712504,45.497337341308594,0.6832932692307693,0.1709937016466262,0.7644788255178849,13,0.3071309578013965,35,39,68
451,97,rhombus_black,47.444542,89.76382,12.513702,10.10754,63.43495178222656,126.57793436788779,1.2545454404464096,45.25935745239258,0.6772836538461539,0.17023110166457392,0.7577551770964436,14,0.3093515001071085,35,39,67
454,97,rhombus_black,47.444542,89.76382,12.695156,9.740043,63.43495178222656,123.74394058156759,1.3207546501750564,44.886892318725586,0.6904466501240695,0.1699258810260989,0.7668161759555246,10,0.32838575475616383,35,39,68
455,97,rhombus_black,47.85361,89.75296,10.187538,12.270659,90.0,125.07045920360542,0.8333333333333334,44.930498123168945,0.6941687344913151,0.17146475510589343,0.7654392586400831,10,0.37407365976832807,35,39,66
680,212,rhombus_black,45.4907,228.55714,9.679053,12.294333,50.194427490234375,119.07801782147726,0.7991266662455645,43.96267795562744,0.5315270935960591,0.16998520944966067,0.5675303542026296,12,0.44670937045399717,39,43,76
690,212,rhombus_black,45.495907,228.97525,10.214306,11.277638,45.0,115.27084156277124,0.921052618502917,42.99899101257324,0.5762527233115469,0.16965672036068705,0.7815638826232189,9,0.26959376765363335,40,43,72
692,212,rhombus_black,45.495907,228.97525,10.214071,11.574153,45.0,118.30020446301205,0.8974359222640219,43.59194278717041,0.5835164835164836,0.16895029677265325,0.733221575919654,11,0.32111129159404134,41,43,74
693,212,rhombus_black,45.495907,228.97525,10.214071,11.574153,45.0,118.30020446301205,0.8974359222640219,43.59194278717041,0.5927601809954751,0.1672915454206029,0.7362880837835873,13,0.31040119339461225,39,43,73
684,213,rhombus_black,62.076954,170.26408,12.386869,9.56666,10.30484676361084,118.543902879901,1.3062016250327415,43.91785526275635,0.6825396825396826,0.1733623902526951,0.7728367810551572,12,0.31382923119235784,41,42,70
694,213,rhombus_black,62.076954,170.26408,12.319945,10.370813,74.74488067626953,127.85120872064726,1.1923076776848287,45.39791774749756,0.655952380952381,0.16919147288831368,0.605774651989707,12,0.4780402241643363,40,43,76
695,213,rhombus_black,62.082764,170.67763,10.752471,11.121246,90.0,119.64171623479342,0.9629629629629629,43.76083946228027,0.6951058201058201,0.17473930271260682,0.7498956814619802,8,0.3945749751292169,39,43,72
696,213,rhombus_black,62.082764,170.67763,10.752471,11.121246,90.0,119.64171623479342,0.9629629629629629,43.76083946228027,0.6851851851851852,0.17553654780886058,0.7758322744739944,7,0.3807859096143927,41,42,70
700,213,rhombus_black,62.082764,170.67763,11.7539625,10.144817,4.763641834259033,119.27969066085643,1.1661017954682515,43.807294845581055,0.7063492063492064,0.17156364243577754,0.7797227479914205,11,0.30916679434647615,40,43,72
701,213,rhombus_black,62.076954,170.26408,12.297233,10.35728,9.462322235107422,127.4153646104387,1.197368464238557,45.32045841217041,0.646551724137931,0.17300393494533692,0.6809981193767282,10,0.4439070379594341,40,43,72
708,224,rhombus_black,62.082764,170.67763,10.339311,11.533672,90.0,119.30900081485743,0.8928571428571429,43.759324073791504,0.7095490716180372,0.1719816400156337,0.7409512009429015,9,0.3841341152373287,39,43,73
733,224,rhombus_black,62.082764,170.67763,12.186333,10.440374,82.87498474121094,127.30691199807916,1.1666667294834059,45.268795013427734,0.6681034482758621,0.17146044092112406,0.7295158555256227,13,0.3749795705885985,41,43,75
737,224,rhombus_black,62.082764,170.67763,12.51224,9.910933,77.00537872314453,124.08720598372747,1.2656250807650542,44.86201763153076,0.6855867346938775,0.17284402875970561,0.6937874947565384,10,0.3616261411225423,40,43,75
749,240,rhombus_black,31.984684,281.49692,11.822795,10.413684,90.0,123.17647122469498,1.12,44.48670959472656,0.7102122015915119,0.16936560596511924,0.7778387497144709,7,0.3975018897326663,39,46,81
763,240,rhombus_black,32.406,281.90668,11.823593,10.830569,90.0,128.1168126258708,1.0769230769230769,45.32264041900635,0.7005108556832694,0.16913932412866095,0.7030871199471563,12,0.3719615383306518,41,46,79
831,268,rhombus_black,158.34926,98.6309,9.373271,12.234805,90.0,114.74253200471867,0.7666666666666667,43.22897434234619,0.698252688172043,0.17195398596500824,0.7158328884354873,11,0.3398042329671708,40,43,73
860,268,rhombus_black,158.34926,98.6309,12.628977,9.257718,54.462318420410156,117.00063100922853,1.3692307394575485,43.789018630981445,0.6744791666666666,0.17361293110908196,0.7676765083716791,13,0.28511365624861074,42,45,74
861,268,rhombus_black,157.9414,98.64181,8.965397,13.050646,90.0,117.06651628343388,0.6875,44.04516410827637,0.6844532279314888,0.17556087140277307,0.7739729861433571,8,0.2901178157189861,43,44,76
864,268,rhombus_black,158.34926,98.6309,9.373271,12.234805,90.0,114.74253200471867,0.7666666666666667,43.22897434234619,0.6875,0.1727124054645141,0.7620542550442749,11,0.3014532441527329,42,45,74
866,268,rhombus_black,158.7477,98.21255,9.372493,12.23416,90.0,114.72685497417115,0.7666666666666667,43.22609996795654,0.6881720430107527,0.1715612746039239,0.7868451659487268,7,0.30039458969674476,43,44,74
870,268,rhombus_black,157.9508,99.049286,9.781169,12.642725,90.0,123.73070427688072,0.7741935483870968,44.86161231994629,0.678125,0.17312431513023008,0.7685241319470971,12,0.3287453347002156,42,45,77
871,268,rhombus_black,158.34926,98.6309,12.865148,9.514397,56.30992889404297,122.4958388741361,1.3571429974906977,44.77547645568848,0.6557071960297767,0.1724252221267494,0.7597226994442804,13,0.3298680323641747,43,45,75
874,268,rhombus_black,158.34926,98.6309,12.193604,9.678274,63.43495178222656,118.1000079344958,1.264150940359586,43.759450912475586,0.675483870967742,0.17133140594298746,0.7799323587097559,9,0.3142214259132743,43,44,75
859,281,rhombus_black,136.7633,81.69867,9.752604,11.816462,90.0,115.30479945748812,0.8275862068965517,43.15103340148926,0.7086666666666667,0.17056535292539415,0.7720285669331292,10,0.34461103947833177,46,47,80
875,281,rhombus_black,136.7633,81.69867,12.881111,9.854784,63.43495178222656,127.03803643764695,1.3148147138949513,45.488656997680664,0.6394009216589862,0.17326550221649137,0.7425924620807439,13,0.3489940763057138,44,47,83
876,268,rhombus_black,158.34926,98.6309,9.373271,12.234805,90.0,114.74253200471867,0.7666666666666667,43.22897434234619,0.7022849462365591,0.17183121570806154,0.807308327861974,9,0.27416534980552065,43,44,75
876,281,rhombus_black,136.75473,81.292366,10.158658,11.408664,90.0,115.96228516293922,0.8928571428571429,43.14760875701904,0.7049071618037135,0.17360896361487677,0.7398683578383528,10,0.36142600513994694,44,47,81
879,281,rhombus_black,136.77188,82.104996,10.566119,11.816462,90.0,124.9276973909582,0.896551724137931,44.779141426086426,0.654320987654321,0.1746747396321777,0.704147020046818,10,0.41083408859558407,45,46,80
881,268,rhombus_black,157.9414,98.64181,12.711174,9.674139,50.19443130493164,123.05987182207173,1.318918935023642,44.78697872161865,0.6388221153846154,0.17070029139254686,0.6908396672658381,13,0.37582120476648784,43,44,76
881,281,rhombus_black,136.7633,81.69867,9.752604,11.816462,90.0,115.30479945748812,0.8275862068965517,43.15103340148926,0.7166666666666667,0.1707384650947705,0.7750148393961146,11,0.3109739081595432,45,46,80
880,288,rhombus_black,194.63387,6.363183,10.409467,11.305542,90.0,117.75400534417531,0.9285714285714286,43.443185806274414,0.7100893997445722,0.17115614807123175,0.7335048786552792,11,0.3769052668940276,53,54,87
882,268,rhombus_black,158.35867,99.03837,12.5268,9.741362,56.3099365234375,122.11905911780195,1.2906978231918533,44.55265808105469,0.6568509615384616,0.17089701632118942,0.7855978319537722,12,0.28689701651455835,43,45,76
883,268,rhombus_black,158.35867,99.03837,9.781169,12.234805,90.0,119.73805822111899,0.8,44.04532718658447,0.6812903225806451,0.17350720794948607,0.7135950474833074,8,0.419488599000033,43,44,75
884,288,rhombus_black,194.23003,6.3733087,12.486106,9.949043,6.34019136428833,124.27720731028239,1.2444444188566317,44.88109588623047,0.6684523809523809,0.17175850543517288,0.7370912152491681,14,0.3499526577236663,54,55,88
885,268,rhombus_black,157.9508,99.049286,12.264956,9.978647,60.2551155090332,122.4792397650308,1.2335026137522185,44.50356197357178,0.6070601851851852,0.17422893282243204,0.6548309833738065,11,0.4323598947376013,43,44,76
885,281,rhombus_black,136.7633,81.69867,10.159346,11.816462,90.0,120.11603221908445,0.8620689655172413,43.965067863464355,0.683974358974359,0.17336722263111934,0.7003351100510707,11,0.41272341972216964,45,46,78
886,268,rhombus_black,157.9414,98.64181,11.911372,9.421306,60.2551155090332,112.3012907099328,1.2688172896429393,42.680355072021484,0.6513647642679901,0.1696824489490235,0.778050513227067,13,0.2878257315784979,43,44,75
887,268,rhombus_black,158.34926,98.6309,10.382256,11.364747,78.69007110595703,118.06928203068674,0.9154928931148861,43.50864315032959,0.6507444168734491,0.17167514378763402,0.717556545418796,15,0.3246139316121116,43,44,74
888,268,rhombus_black,158.34926,98.6309,10.665103,10.987886,75.96376037597656,117.26618097309256,0.9729729404208906,43.32077884674072,0.68,0.17080990560532824,0.7559403646147633,13,0.3141792436631826,42,44,76
889,268,rhombus_black,158.34926,98.6309,12.6393385,9.401173,56.30992889404297,118.91221074486384,1.3493974715679824,44.09691619873047,0.6475,0.1712391814647577,0.7300501646196103,7,0.3619331405830703,42,44,75
889,281,rhombus_black,136.7633,81.69867,10.159346,11.816462,90.0,120.11603221908445,0.8620689655172413,43.965067863464355,0.6724358974358975,0.17185897787230528,0.5792666536648737,0,0.0,45,46,80
889,288,rhombus_black,194.23003,6.3733087,12.254847,10.199524,5.710593223571777,125.04712469594597,1.1914061856522316,44.91947364807129,0.6761904761904762,0.1724680537431558,0.7622206998748196,15,0.27056853609004367,52,55,89
884,291,rhombus_black,136.47942,106.97126,9.801351,12.25077,-0.0,120.12919723748928,0.8,44.113121032714844,0.6535483870967742,0.17442502989995168,0.6385204013183869,12,0.41942356188277097,41,45,74
890,268,rhombus_black,158.34926,98.6309,10.089995,11.278264,79.69515228271484,113.87011715548579,0.8964401312365646,42.75052452087402,0.6730769230769231,0.1695728793328433,0.7586238097155829,13,0.31829012666219986,43,45,76
890,281,rhombus_black,136.75473,81.292366,12.246667,9.384677,3.814074993133545,114.97082330530975,1.3025937590070258,43.27201747894287,0.6766666666666666,0.1747392821193005,0.7189419262461075,13,0.3538331343577458,45,46,78
891,288,rhombus_black,194.63387,6.363183,12.120633,10.032062,7.125016689300537,121.6478027195094,1.198019814793556,44.31611251831055,0.6841133004926109,0.17303459213381642,0.729214906626737,10,0.3555335268145427,54,55,88
892,281,rhombus_black,136.7633,81.69867,9.752679,11.409094,90.0,111.3300661649555,0.8571428571428571,42.3359899520874,0.7110344827586207,0.17606773381073856,0.79046587943998,8,0.3398913268611068,45,46,78
892,288,rhombus_black,194.63387,6.363183,10.409467,11.305542,90.0,117.75400534417531,0.9285714285714286,43.443185806274414,0.6992337164750958,0.17174378922652528,0.7894337181129444,10,0.301993390196003,54,53,88
887,292,rhombus_black,149.90567,196.79155,11.351603,10.004408,75.96376037597656,113.63938917207997,1.1300000290975414,42.72637176513672,0.6593548387096774,0.16831201869236104,0.7711147560561872,11,0.32520655367989093,38,41,67
893,291,rhombus_black,136.87929,106.55206,12.2374525,9.774553,24.77513885498047,119.68399678717833,1.257310028843016,44.037574768066406,0.6327272727272727,0.1738248884729781,0.6984383208415708,10,0.4222763456054963,42,45,75
893,281,rhombus_black,136.7633,81.69867,10.737165,11.441929,85.91438293457031,122.93070359900594,0.941624453778178,44.37256050109863,0.645679012345679,0.1732058664740838,0.7068375151291895,13,0.36409842435163087,45,47,79
894,292,rhombus_black,149.8965,196.37659,11.972892,9.918056,79.69515228271484,118.8264092549216,1.200743530082519,43.796512603759766,0.644375,0.1704490873233923,0.7543434881341885,13,0.3168000550224231,40,41,71
896,268,rhombus_black,158.34926,98.6309,10.342213,11.446917,81.25383758544922,118.46239452104783,0.905148978160222,43.5926513671875,0.6716129032258065,0.17122975820117908,0.7298180339565287,10,0.3597084401757456,43,45,75
897,292,rhombus_black,149.48482,196.38835,10.731341,10.704335,71.56504821777344,114.94611123029608,1.0,42.88623905181885,0.6834677419354839,0.16819248654051172,0.7256364472970532,14,0.3083070433266195,40,42,70
897,288,rhombus_black,194.63387,6.363183,10.409467,11.305542,90.0,117.75400534417531,0.9285714285714286,43.443185806274414,0.698595146871009,0.17143145812198976,0.7789071267507344,15,0.26972446070673567,53,54,88
903,288,rhombus_black,194.23003,6.3733087,12.67749,9.966241,8.13010311126709,126.40268274059281,1.2613636328804259,45.298848152160645,0.6720238095238096,0.17190423239989616,0.6332410544700927,13,0.43934987542720944,52,55,90
903,298,rhombus_black,136.87929,106.55206,8.575997,11.841692,0.0,101.60019556968473,0.7241379310344828,40.84288692474365,0.7507575757575757,0.1747026900287246,0.7019423159738487,8,0.40120226686121896,42,43,72
913,298,rhombus_black,136.8879,106.96027,10.781631,11.107412,14.03624439239502,119.81953424523817,0.9732142543678257,43.78986358642578,0.6487179487179487,0.17196752175046243,0.5563012218207478,0,0.0,43,44,74
914,298,rhombus_black,136.8879,106.96027,9.481446,12.078852,4.085616588592529,114.58115722297225,0.7855422100221399,43.129923820495605,0.6935483870967742,0.17329333168744904,0.7219745898438674,12,0.40157191761924577,42,45,76
919,298,rhombus_black,137.28773,106.54108,13.110609,10.197923,83.6598129272461,133.79793401109055,1.2876105670544893,46.63302135467529,0.6255787037037037,0.1735653001707027,0.48794232894253314,0,0.0,43,45,76
921,298,rhombus_black,136.8879,106.96027,11.431839,9.39311,90.0,107.44531402294524,1.2173913043478262,41.66191577911377,0.7227011494252874,0.17140865051194784,0.7215142379529904,12,0.3686746732564643,42,43,74
930,311,rhombus_black,194.63387,6.363183,10.409467,11.305542,90.0,117.75400534417531,0.9285714285714286,43.443185806274414,0.7158365261813537,0.17182486929306198,0.7483983826330951,12,0.3268597542773932,52,54,90
946,311,rhombus_black,194.6232,5.962935,10.809426,11.305128,90.0,122.27618556910738,0.9642857142857143,44.24277400970459,0.6958128078817734,0.1707410427086923,0.7506472986359684,10,0.3920606326893903,54,54,89
989,337,rhombus_black,122.839005,182.62907,9.731203,11.693883,26.56505012512207,113.86933213949669,0.841269793988842,42.86326503753662,0.6445707070707071,0.17057228488936768,0.8009106187222325,9,0.279586462265191,40,43,71
1009,337,rhombus_black,122.839005,182.62907,9.607054,11.868766,21.801406860351562,114.09534021408763,0.8181817818014638,42.96409797668457,0.6548387096774193,0.16893383153676422,0.7757607630571048,10,0.3557462053839118,42,43,69
1012,337,rhombus_black,122.84713,183.04317,9.609812,12.467131,18.434947967529297,119.8821938438341,0.7789474078517916,44.16640663146973,0.6091428571428571,0.17056062236165853,0.7489342588260076,12,0.2977022818619541,41,43,72
1013,337,rhombus_black,123.25054,182.61743,11.161105,10.933912,33.6900634765625,122.11687504488509,1.0315789488924196,44.20505619049072,0.6390931372549019,0.1728672790647977,0.6942883362134035,12,0.37828404960843426,40,43,72
1015,337,rhombus_black,122.84713,183.04317,11.915782,9.674586,45.0,115.35816299222643,1.2424242944401953,43.19585418701172,0.6088235294117647,0.17106583907006512,0.7686124122817214,10,0.3315383946755901,40,42,72
1005,345,rhombus_black,158.34926,98.6309,9.700482,11.690132,82.87498474121094,113.46875072614057,0.8311687620057953,42.79484939575195,0.6395781637717122,0.16979380363070207,0.7543434842526442,7,0.42278907627665574,40,42,70
1016,337,rhombus_black,123.25868,183.03152,10.46603,11.322652,26.56505012512207,118.57952343311626,0.9344262214848889,43.5910701751709,0.6163636363636363,0.17043436619259383,0.7309725462576907,13,0.3232288369550728,40,43,71
1017,337,rhombus_black,123.25054,182.61743,10.0984335,11.508057,26.56505012512207,116.28839451243402,0.887096840764226,43.22638130187988,0.6151515151515151,0.17079468718704846,0.7426368966597492,11,0.35282472847029567,41,43,70
1023,337,rhombus_black,122.84713,183.04317,11.904188,10.027549,41.18592834472656,119.45111192890909,1.198443638705742,43.87889385223389,0.6059523809523809,0.17264501699475387,0.7409466774549782,15,0.31573755508288737,40,43,70
1025,337,rhombus_black,122.84713,183.04317,12.206606,9.674586,45.0,118.17457383155124,1.2727273618974777,43.77787113189697,0.6127272727272727,0.1732023180743855,0.7191751620560272,11,0.385329220443964,40,43,70
1026,337,rhombus_black,122.839005,182.62907,11.452011,10.032696,40.601295471191406,114.97127541556256,1.1524664773334374,42.984190940856934,0.6292892156862745,0.17243035963812817,0.7765970368067393,9,0.29706437091550064,40,43,70
1028,337,rhombus_black,122.84713,183.04317,11.915782,9.674586,45.0,115.35816299222643,1.2424244579189045,43.19585418701172,0.6299019607843137,0.1740371256944636,0.7815082139092386,11,0.30402569929984485,40,43,69
1029,337,rhombus_black,122.839005,182.62907,9.349493,12.991097,18.43494987487793,121.53932340152096,0.7272727826590143,44.69386386871338,0.6125,0.1747176577463477,0.7584869860459902,11,0.28245713481340895,40,42,71
1030,337,rhombus_black,122.84713,183.04317,11.915782,9.674586,45.0,115.35816299222643,1.2424242944401953,43.19585418701172,0.5788571428571428,0.17497073234081117,0.7522747551915432,12,0.27681716649870697,40,42,69
1031,337,rhombus_black,122.839005,182.62907,11.915511,9.967535,45.0,118.84988766536117,1.2058824229428649,43.78166580200195,0.5540540540540541,0.174751084650541,0.6871518014963183,12,0.33835409572930075,40,42,71
1032,337,rhombus_black,122.839005,182.62907,9.265133,13.181082,14.03624439239502,122.2006720227655,0.7099236902429588,44.90435600280762,0.6083333333333333,0.17516936416407722,0.7307684700364034,12,0.32652588828932494,40,43,70
1034,337,rhombus_black,122.839005,182.62907,12.244369,9.959154,42.27368927001953,122.0274912105524,1.240896506714722,44.422850608825684,0.5925714285714285,0.17333543984078645,0.7196171998946979,11,0.35194393298165366,40,42,72
1037,337,rhombus_black,123.25054,182.61743,10.027297,12.370717,23.198589324951172,124.12707858055364,0.8193831598380391,44.80980396270752,0.5902777777777778,0.17397300471260058,0.711443883580993,9,0.4401486612752908,40,42,71
1038,337,rhombus_black,123.25868,183.03152,10.819501,11.049207,33.690067291259766,119.6273557440727,0.9895832146864402,43.75212287902832,0.5891428571428572,0.1707718495613234,0.6863003709801736,12,0.38483605057505577,40,42,70
1039,337,rhombus_black,123.25054,182.61743,11.253214,10.787387,36.86989974975586,121.475685410609,1.0538462085836697,44.096482276916504,0.5897142857142857,0.1715747271807277,0.6953256046023143,13,0.3683723072754219,41,42,71
1040,337,rhombus_black,122.839005,182.62907,11.335389,10.704437,36.86989974975586,121.4215436046943,1.0697674091944993,44.09491443634033,0.5805714285714285,0.17215977835306137,0.6729498464058448,14,0.3772412442402648,39,42,72
1043,337,rhombus_black,123.25054,182.61743,10.408344,11.126181,29.05460548400879,115.87991805339698,0.9456521220973977,43.08271503448486,0.6292892156862745,0.16897807025613076,0.7765970347755119,10,0.31226269102189685,42,42,70
1044,337,rhombus_black,123.25054,182.61743,10.448259,11.085871,29.05460548400879,115.90294536936563,0.9527271717166091,43.081969261169434,0.6407828282828283,0.16998612225351772,0.7962040004896018,11,0.30137238230302255,40,42,72
1050,337,rhombus_black,122.84713,183.04317,11.915782,9.674586,45.0,115.35816299222643,1.2424242944401953,43.19585418701172,0.6177156177156177,0.1683425700186913,0.8119531640277255,11,0.2999389835167676,40,43,73
1052,337,rhombus_black,122.84713,183.04317,10.098773,11.508831,26.56505012512207,116.30012553412234,0.887096840764226,43.22860908508301,0.6060606060606061,0.17045708452118416,0.7625816756310049,14,0.2965889574178228,40,42,73
1053,337,rhombus_black,122.84713,183.04317,11.915782,9.674586,45.0,115.35816299222643,1.2424242944401953,43.19585418701172,0.6363636363636364,0.1702589248075885,0.80429322851803,9,0.2866732312314626,39,43,73
1054,337,rhombus_black,122.84713,183.04317,9.758244,11.662789,23.198589324951172,113.87976816837909,0.8457943998186838,42.85470199584961,0.5920745920745921,0.17108868231356944,0.7642052062247501,11,0.31756470655091107,40,42,71
1055,337,rhombus_black,123.25054,182.61743,9.963403,11.757627,23.962486267089844,117.22089534380939,0.8566307222910676,43.455193519592285,0.6278787878787879,0.1703275646141721,0.7734301019280009,12,0.31555163316079415,40,43,71
1056,337,rhombus_black,122.84713,183.04317,10.705753,10.93443,33.6900634765625,117.13933742517838,0.989473636204576,43.29478073120117,0.6066433566433567,0.1693457962485124,0.753745147132385,12,0.352626253811953,39,43,71
1057,337,rhombus_black,122.84713,183.04317,10.591851,10.819211,33.6900634765625,114.67100102751283,0.9893617262549049,42.836225509643555,0.6101190476190477,0.17106096572262167,0.7421602016125058,13,0.29156876327649045,40,42,73
1061,337,rhombus_black,122.839005,182.62907,11.6249695,9.674586,45.0,112.54202723264461,1.2121213904616222,42.6138801574707,0.5871040723981901,0.16880864395525205,0.7611151724086376,13,0.2933101820347544,41,43,73
1024,357,rhombus_black,158.33986,98.22345,12.892231,9.771311,12.094757080078125,126.03204324428225,1.3206997938761906,45.339115142822266,0.6254480286738351,0.1715706995118956,0.5324438302914136,11,0.5714276601793244,40,42,71
1063,337,rhombus_black,122.84713,183.04317,11.318333,10.21287,40.601295471191406,115.67035529291024,1.118942685207177,43.077274322509766,0.5932400932400932,0.17044741408514033,0.7152111366234494,14,0.37781344088060514,41,42,73
1037,362,rhombus_black,136.7633,81.69867,12.543599,10.141779,74.05460357666016,127.30932155594928,1.243093969275298,45.38703155517578,0.6636904761904762,0.16983629670032638,0.6253886410399941,11,0.4776364735285328,42,43,76
1067,357,rhombus_black,158.35867,99.03837,10.59627,11.826438,90.0,125.39095843961695,0.896551724137931,44.859426498413086,0.6419753086419753,0.16861771147052043,0.6632998204724179,0,0.0,41,41,73
1068,337,rhombus_black,123.25868,183.03152,10.439896,11.325519,29.744882583618164,118.3152663744404,0.9318182310644311,43.544894218444824,0.6141176470588235,0.16948605427716287,0.7794025351475221,13,0.29707914340094876,41,43,73
1068,362,rhombus_black,136.75473,81.292366,13.77456,9.307635,59.03623962402344,128.30844057933427,1.4887218019963462,46.181522369384766,0.6297619047619047,0.1738636358442651,0.6235119148720154,10,0.4831360796000808,42,44,74
1060,368,rhombus_black,136.87929,106.55206,11.860057,10.2176285,18.43494987487793,121.24616528098704,1.1645569417300274,44.168087005615234,0.6350059737156512,0.17179163083853918,0.7076016399333924,13,0.3689526610362988,41,43,72
1070,337,rhombus_black,123.25054,182.61743,9.914863,11.693869,26.56505012512207,116.0188207772444,0.8571427604317223,43.23085689544678,0.6243872549019608,0.17318885779210055,0.7705475934140669,10,0.3231566195609048,41,43,71
1071,337,rhombus_black,122.839005,182.62907,10.591146,11.509086,33.6900634765625,121.97826990066096,0.930000021318834,44.21544170379639,0.5794444444444444,0.1714819619590178,0.6492446045461482,12,0.3997853618930094,41,43,75
1072,337,rhombus_black,122.839005,182.62907,10.70545,11.049166,33.6900634765625,118.36561656394042,0.9791665726446004,43.52377510070801,0.6141176470588235,0.1723847828702942,0.7388298434473634,12,0.326149978597338,41,43,74
1073,337,rhombus_black,122.84713,183.04317,10.704256,10.591959,33.6900634765625,113.45308851765003,1.0,42.60636043548584,0.6096813725490197,0.17293902271236505,0.720438439614091,14,0.2921422952453473,40,43,71
1074,337,rhombus_black,122.84713,183.04317,9.915032,11.694254,26.56505012512207,116.02460860688007,0.8571428184584006,43.231964111328125,0.6164705882352941,0.1714352307160284,0.7493594601616987,12,0.3001746077012891,40,43,72
1075,337,rhombus_black,122.84713,183.04317,11.915782,9.674586,45.0,115.35816299222643,1.2424242944401953,43.19585418701172,0.5882352941176471,0.17125875935148605,0.7625816756310049,14,0.25378570301524767,40,43,72
1076,337,rhombus_black,122.84713,183.04317,11.915782,9.674586,45.0,115.35816299222643,1.2424242944401953,43.19585418701172,0.6088235294117647,0.17099606871935258,0.7686124122817214,10,0.3034419205505401,40,42,74
1077,337,rhombus_black,122.84713,183.04317,11.915782,9.674586,45.0,115.35816299222643,1.2424242944401953,43.19585418701172,0.588,0.17126413207723495,0.7450564346387353,15,0.26341113455904025,40,43,72
1080,337,rhombus_black,122.839005,182.62907,12.206228,9.38106,45.0,114.58439648529748,1.3125001159038452,43.189605712890625,0.5839120370370371,0.17362648658049903,0.6764255311388061,12,0.34116632596123964,40,43,70
1081,337,rhombus_black,122.84713,183.04317,9.963524,11.673542,23.962486267089844,116.38354123628233,0.8628159118969763,43.28717041015625,0.5988235294117648,0.17195365119511527,0.7599921192836632,10,0.30986182736232876,41,43,69
1082,337,rhombus_black,122.84713,183.04317,11.915782,9.674586,45.0,115.35816299222643,1.2424242944401953,43.19585418701172,0.6157575757575757,0.17107998986173195,0.7926844467633077,11,0.2802349627017975,40,43,71
1083,337,rhombus_black,123.25868,183.03152,12.206606,9.381201,45.0,114.58964209584519,1.3125000316101396,43.190643310546875,0.610909090909091,0.1714494859819241,0.7864428411250647,11,0.3149774461053312,40,43,71
1084,337,rhombus_black,123.25868,183.03152,10.466118,11.13718,26.56505012512207,116.63685682532378,0.9500000106624032,43.22002983093262,0.6194852941176471,0.17205977615314694,0.745218999818678,11,0.3182855100815439,41,43,70
1087,337,rhombus_black,122.839005,182.62907,11.672202,9.871449,41.18592834472656,115.29865093098488,1.1936758405472594,43.10218906402588,0.63510101010101,0.1726611252845351,0.7647833259426488,10,0.32065690273884684,42,43,68
1088,337,rhombus_black,122.84713,183.04317,11.171419,10.622116,36.869895935058594,118.74399342818651,1.0624999301508185,43.60198402404785,0.6011904761904762,0.17442931333173467,0.6531675208513523,11,0.4134850631552664,42,43,71
1092,337,rhombus_black,122.839005,182.62907,10.49214,10.747627,30.963754653930664,112.83789362607058,0.9867549878615561,42.49308776855469,0.59,0.1715287249750164,0.7316109466350907,14,0.3244460785229291,41,43,70
1093,337,rhombus_black,122.84713,183.04317,11.915782,9.674586,45.0,115.35816299222643,1.2424244579189045,43.19585418701172,0.6070588235294118,0.17147486086823088,0.7567156685885028,13,0.27725967148748726,40,44,71
1096,337,rhombus_black,122.839005,182.62907,9.480376,12.479668,16.699241638183594,118.3846174312057,0.7675159859751998,43.9321231842041,0.6452020202020202,0.17194421950445646,0.7769468859965736,10,0.3344936114153825,41,42,70
1080,375,rhombus_black,137.28773,106.54108,11.839575,9.801061,90.0,116.11312580446247,1.2083333333333333,43.29426670074463,0.708,0.17057856490189433,0.6984875967595934,11,0.3411358758828349,40,42,72
1097,337,rhombus_black,123.25868,183.03152,10.2822695,11.508442,26.56505012512207,118.40950583294034,0.9032258242037936,43.595051765441895,0.6052941176470589,0.17117892307446955,0.7584869840873047,10,0.32508711921982464,41,42,72
1098,337,rhombus_black,122.839005,182.62907,10.4907055,11.222418,29.744882583618164,117.80832728306996,0.9449542662829618,43.44025135040283,0.5942857142857143,0.17277210420612824,0.7306675603758481,12,0.29871047983760945,41,43,70
1101,337,rhombus_black,123.25868,183.03152,10.465949,11.508429,26.56505012512207,120.525045160437,0.9193548764330615,43.96265983581543,0.6244047619047619,0.17102838781827034,0.7279444963254947,11,0.3591042244383557,40,43,69
1102,337,rhombus_black,122.839005,182.62907,10.088366,11.841873,23.96249008178711,119.54212777299108,0.8612099544208073,43.87386608123779,0.633578431372549,0.17319014473397693,0.7525922028708014,13,0.3086706197713143,40,42,67
1103,337,rhombus_black,123.25054,182.61743,10.46567,11.508011,26.56505012512207,120.51739819336217,0.9193548764330615,43.96125411987305,0.6151620370370371,0.17216779336650334,0.7323680135766404,9,0.3451630748006412,40,42,67
1092,380,rhombus_black,149.8965,196.37659,10.348545,11.832409,63.43495178222656,122.53173905890435,0.8750001082900389,44.378231048583984,0.6309090909090909,0.17371056348914837,0.7172108186546476,11,0.37990555759858,39,43,71
1107,380,rhombus_black,150.299,195.9499,10.570595,12.345491,65.55604553222656,130.59054755489342,0.855955670889192,45.8494815826416,0.656969696969697,0.17094868623216036,0.7325161228542528,10,0.3494094818364829,38,42,66
1109,337,rhombus_black,123.25054,182.61743,9.835457,12.099363,21.801410675048828,119.07872319919989,0.8216560209525815,43.88262176513672,0.6442307692307693,0.169053176401689,0.7943525219236878,11,0.28373571557246824,39,42,67
1110,380,rhombus_black,149.88733,195.96165,10.319666,12.949451,57.528804779052734,133.73190113541204,0.799019572586067,46.55619716644287,0.6316666666666667,0.17213270597951214,0.6934734979687485,12,0.3455590402785068,38,41,69
1110,337,rhombus_black,123.25054,182.61743,10.702796,11.387654,30.963754653930664,121.96191433089552,0.9499999443917092,44.19558334350586,0.671875,0.1688793685195725,0.8216185486355319,11,0.29262259451206774,39,41,68
1111,380,rhombus_black,149.88733,195.96165,10.337229,12.7001295,59.03623962402344,131.3789456691593,0.8156424820509481,46.092366218566895,0.6547058823529411,0.17097967062429312,0.7483420711520903,12,0.327510351674088,37,41,67
1112,380,rhombus_black,149.8965,196.37659,11.38505,11.0951605,71.56504821777344,126.40530191513244,1.023529424286989,44.97680950164795,0.6818181818181818,0.17005646236054944,0.7640624205545486,14,0.2684544784382784,39,40,67
1113,337,rhombus_black,123.25054,182.61743,10.064907,11.855835,24.775142669677734,119.40553850657307,0.8581907129645197,43.85499572753906,0.6460606060606061,0.17118936989337724,0.7899065108216858,10,0.3286106028710492,39,41,66
1114,380,rhombus_black,149.88733,195.96165,10.408096,12.558296,59.03623962402344,130.80203993921168,0.8305084948110235,45.95035648345947,0.6558823529411765,0.17160797884542678,0.7196028433986422,11,0.3128637205809355,38,41,66
1114,337,rhombus_black,123.25868,183.03152,9.864262,12.0594015,24.775142669677734,119.03528071864275,0.8269230314752835,43.860782623291016,0.6515151515151515,0.1712106891704929,0.792394083678354,11,0.2978645114079964,38,41,67
1115,337,rhombus_black,123.26683,183.44563,10.028072,12.42703,23.198589324951172,124.70205849246122,0.8157894468588499,44.92403984069824,0.6381118881118881,0.1709208998901856,0.7870353414299782,9,0.32719652401283383,39,41,68
1116,337,rhombus_black,123.26683,183.44563,9.531093,12.717956,21.801410675048828,121.2967120972462,0.7575757858715891,44.511348724365234,0.6264705882352941,0.17169383242913994,0.7850229880864713,8,0.33061485151119996,40,40,66
1117,337,rhombus_black,123.26683,183.44563,9.915393,12.252304,26.56505012512207,121.56864348775707,0.818181788808806,44.34939765930176,0.6305882352941177,0.17083198656807408,0.8003060534957199,10,0.3053712757304311,39,41,66
1118,380,rhombus_black,150.31737,196.7798,12.788609,10.138812,79.69515228271484,129.75216463254765,1.2545454982524904,45.87077808380127,0.6464705882352941,0.17233383651949585,0.7213386032775921,11,0.36807827331887727,38,41,67
1120,337,rhombus_black,122.85526,183.45729,9.350227,12.993031,18.43494987487793,121.56708918209188,0.7272727826590143,44.69922161102295,0.6188235294117647,0.17286968140223283,0.7522195973806372,12,0.32885433989576995,39,41,65
1121,380,rhombus_black,149.8965,196.37659,10.533667,11.832317,63.43495178222656,124.72361987223849,0.8906250614337721,44.74859142303467,0.6464705882352941,0.17157099457101285,0.7571706970269143,12,0.3158396113819132,38,41,65
1121,337,rhombus_black,123.26683,183.44563,9.758401,12.263123,23.198589324951172,119.74688086059177,0.8044444186205659,44.05633544921875,0.63,0.1706802621258328,0.7894456385376634,13,0.26784929574932903,39,41,66
1098,384,rhombus_black,136.75473,81.292366,11.986111,9.965692,66.80140686035156,119.53772813471733,1.2096773790470146,43.91935729980469,0.6532258064516129,0.17160427197318495,0.7513226913102056,9,0.40728916181251407,43,43,75
1122,380,rhombus_black,150.30818,196.36484,10.982741,11.351421,68.19859313964844,124.754707980901,0.9662160928883075,44.68472099304199,0.6429411764705882,0.1710059434746865,0.7476542516643204,12,0.31733071346146363,38,41,65
1122,337,rhombus_black,123.26683,183.44563,11.571922,10.835292,39.80556869506836,125.4730571420514,1.078431356798774,44.83048629760742,0.6411764705882353,0.1700415535393912,0.7933515423734211,12,0.2832386310910806,39,41,66
1123,337,rhombus_black,123.26683,183.44563,11.630768,10.753091,40.60129928588867,125.15448015683796,1.092050175341165,44.78381538391113,0.6329411764705882,0.1704219634773936,0.7831617140879731,14,0.2813091655095507,39,41,65
1124,380,rhombus_black,150.30818,196.36484,11.329852,11.357768,69.44395446777344,128.77098335884511,0.9957446994417896,45.39208793640137,0.6441176470588236,0.17146671582075898,0.723781145043891,12,0.3688422135892324,37,41,66
1124,337,rhombus_black,123.25868,183.03152,11.167722,10.843764,37.87498474121094,121.1835016933619,1.0402684441313896,44.038344383239746,0.6458333333333334,0.17207024407495808,0.7662097654257928,14,0.2870875172915735,39,40,68
1124,384,rhombus_black,135.54929,82.13733,11.943909,10.558464,78.69007110595703,126.19887706940062,1.1363636363636365,45.02043342590332,0.6462544589774079,0.16928612550389835,0.6585175412303352,12,0.4004638458718546,39,42,69
1126,337,rhombus_black,123.26683,183.44563,10.098957,11.880562,26.56505012512207,120.06089092546608,0.8593750885062819,43.97289180755615,0.6679292929292929,0.17163313490127968,0.7982773110640372,11,0.28329505284570833,39,40,65
1127,337,rhombus_black,123.26683,183.44563,10.09912,11.695092,26.56505012512207,118.1875506498618,0.8730159213714437,43.602070808410645,0.6327272727272727,0.1708626714792504,0.7936717637952698,11,0.24859796627424657,39,41,66
1127,384,rhombus_black,135.54076,81.73099,12.155862,9.673523,63.43495178222656,117.67654042574577,1.264150940359586,43.67440223693848,0.6681141439205955,0.16822456994534185,0.7241369385611701,13,0.34730026023820615,39,41,70
1128,380,rhombus_black,150.30818,196.36484,10.348698,11.64729,63.43495178222656,120.61592857714277,0.8888888888888888,44.008052825927734,0.6624242424242425,0.17021255498403517,0.7401399976934456,13,0.3167450527051607,39,40,67
1128,384,rhombus_black,135.54076,81.73099,11.227608,10.617929,77.47119140625,119.29564348224085,1.0624999725236197,43.70601558685303,0.6780397022332506,0.16809542276155834,0.7174004454412561,11,0.382726320266639,39,41,70
1129,384,rhombus_black,135.54929,82.13733,11.934722,10.160516,73.3007583618164,121.35057488980237,1.1807692938083871,44.20604705810547,0.6321428571428571,0.16914898414181256,0.6820389304651221,14,0.33622447906028746,39,41,68
1130,384,rhombus_black,135.54929,82.13733,12.399907,9.820568,66.03751373291016,121.86520798626589,1.2700420479422159,44.45703887939453,0.6660493827160494,0.16826488943385887,0.7564588497651386,12,0.34405218228736584,39,41,70
1131,337,rhombus_black,123.26683,183.44563,11.626049,9.968449,45.0,115.9724274147884,1.1764706255695279,43.20419979095459,0.6142191142191142,0.16976190112093714,0.7868680746269735,12,0.2789793112606276,39,41,65
1131,384,rhombus_black,135.54929,82.13733,11.934405,10.160394,73.3007583618164,121.3458897107048,1.1807692938083871,44.205169677734375,0.6734567901234568,0.16739317466164177,0.7648717358807264,13,0.30488236986387235,39,41,69
1132,380,rhombus_black,149.8965,196.37659,10.5338,11.647536,63.43495178222656,122.77674702065997,0.904761924104133,44.37903690338135,0.68875,0.1690238449404858,0.796193752803741,11,0.31652842925607483,38,41,66
1132,337,rhombus_black,123.26683,183.44563,11.916511,10.261709,45.0,122.36926659272285,1.1714286022559806,44.37249279022217,0.649090909090909,0.17109590918748946,0.8038057990692041,10,0.311488478211686,39,41,66
1132,384,rhombus_black,135.54929,82.13733,11.763657,10.423523,74.05460357666016,122.70692517480347,1.1344086695802769,44.39005184173584,0.6660493827160494,0.16812248378873046,0.6848212154990315,13,0.35770630309035856,40,41,70
1133,380,rhombus_black,149.8965,196.37659,10.163883,11.64755,63.43495178222656,118.46370460139588,0.8730158536736448,43.63865661621094,0.6527272727272727,0.17053571808283613,0.774097770225696,12,0.2887971102415273,38,40,67
1134,380,rhombus_black,149.8965,196.37659,10.348831,11.462579,63.43495178222656,118.70388157328125,0.9032258242037936,43.63862323760986,0.6460606060606061,0.17038625094511928,0.7758832614870539,8,0.325658099463908,38,41,65
1134,337,rhombus_black,123.26683,183.44563,10.796805,11.635152,29.744882583618164,125.70773585268762,0.9380530853022649,44.87885093688965,0.6159502262443439,0.17026470884874884,0.7300568949835184,13,0.33274671400431544,39,41,67
1135,337,rhombus_black,123.26683,183.44563,9.708301,12.33886,20.556045532226562,119.86618231912144,0.7952755344751801,44.10722255706787,0.6182983682983683,0.168761900348753,0.7820745328211475,16,0.2866206559774582,39,41,65
1137,384,rhombus_black,135.54076,81.73099,10.830248,11.02496,82.87498474121094,119.4800108105992,0.9862384450686533,43.72478771209717,0.7128205128205128,0.1687385583846073,0.770035266774305,13,0.2945849956013262,39,41,69
1139,380,rhombus_black,150.30818,196.36484,11.123891,10.573268,71.56504821777344,117.69347451813519,1.0493827399513365,43.409560203552246,0.6513647642679901,0.1692385446352171,0.6975041253412015,0,0.0,38,40,66
1154,403,rhombus_black,123.27498,183.85979,11.917144,9.675478,45.0,115.38203193357913,1.2424242944401953,43.20038414001465,0.6268382352941176,0.17178049154130418,0.7878270702501274,11,0.2738442015410824,38,42,67
1173,403,rhombus_black,122.85526,183.45729,11.916782,9.968744,45.0,118.8770535971853,1.2058822642723712,43.78664970397949,0.645,0.17107794365728038,0.7704438713023766,11,0.316020644439215,41,43,72
1174,403,rhombus_black,122.86339,183.87144,11.917054,9.675757,45.0,115.38449882232817,1.2424242944401953,43.200761795043945,0.6327272727272727,0.17167862704270384,0.7794025290708768,10,0.3330188969615847,40,43,73
1168,408,rhombus_black,157.12569,98.663635,9.373415,13.051058,90.0,122.40033354819752,0.71875,44.86260509490967,0.678030303030303,0.1741712763010127,0.7759637825090819,8,0.27520875123445876,40,44,74
1175,403,rhombus_black,122.86339,183.87144,11.917054,9.675757,45.0,115.38449882232817,1.2424242944401953,43.200761795043945,0.6212121212121212,0.17130953881150845,0.775084666326064,10,0.3052405608119443,40,43,73
1176,403,rhombus_black,122.86339,183.87144,11.626576,9.6759205,45.0,112.57302109739976,1.2121213087222675,42.6197624206543,0.6133333333333333,0.1714492587112393,0.7555128081598254,13,0.3259589911904186,41,44,71
1176,408,rhombus_black,157.12569,98.663635,9.574172,12.008683,80.53767395019531,115.04466630576644,0.798882635215839,43.17978477478027,0.6588541666666666,0.1732668372142822,0.7578593220853472,12,0.29205142048886046,44,44,76
1181,403,rhombus_black,123.26683,183.44563,11.740799,9.913792,38.65980911254883,116.47308125242125,1.196078432937715,43.32401084899902,0.6212121212121212,0.17451307701828722,0.729144473415584,13,0.3187215288098042,41,44,73
1182,403,rhombus_black,122.85526,183.45729,9.454467,13.025872,21.801410675048828,123.23628335946705,0.7337278437368303,44.97413730621338,0.5666666666666667,0.17298778528053282,0.5938781548149636,0,0.0,39,41,68
1173,413,rhombus_black,154.72482,82.849724,10.247676,11.732362,5.710592269897461,120.28903042717138,0.8724138231897424,43.97026538848877,0.6766581632653061,0.17258776655903504,0.7384763176826472,8,0.4040851980971638,45,47,81
1183,403,rhombus_black,122.86339,183.87144,11.04227,9.837845,39.28940963745117,108.70234262535814,1.133531351568976,41.774105072021484,0.6130050505050505,0.1719831947408449,0.6738170712136303,10,0.40923323133029044,40,40,68
1183,413,rhombus_black,154.30829,82.45422,9.9780445,12.198997,7.594643592834473,121.78734328737482,0.8171805394408507,44.36481761932373,0.6403940886699507,0.17439530037667414,0.6270528481377727,13,0.43255473342007744,41,46,81
1185,403,rhombus_black,122.86339,183.87144,10.5930395,10.475464,33.6900634765625,111.03851361491252,1.0219780477222968,42.15066909790039,0.6275252525252525,0.17058177861404633,0.7556606639966459,10,0.34844093634746964,37,41,70
1186,403,rhombus_black,122.86339,183.87144,9.732514,11.1392,26.56505012512207,108.48015429067891,0.8833333345180449,41.755934715270996,0.5987878787878788,0.17004175773930733,0.7708388185475066,12,0.26144590717740357,37,40,68
1187,403,rhombus_black,122.86339,183.87144,9.548888,10.953363,26.56505012512207,104.65660015901085,0.8813559309781783,41.01655292510986,0.6123737373737373,0.17103584660418106,0.7709636486398225,12,0.24687674130351903,37,40,67
1188,403,rhombus_black,122.85526,183.45729,9.548726,11.138828,26.56505012512207,106.42782868549693,0.8666666477112832,41.38737869262695,0.567016317016317,0.17064706365514318,0.7225699221220552,12,0.3159754761727527,37,40,70
1190,403,rhombus_black,122.85526,183.45729,10.422603,10.820541,30.963754653930664,112.85084186954191,0.9736841816438937,42.499863624572754,0.6325757575757576,0.17164097442212617,0.7758171964024068,11,0.28158114037730475,35,39,69
1193,403,rhombus_black,122.85526,183.45729,9.548563,11.510134,26.56505012512207,109.9756132235052,0.8387096840764227,42.13009262084961,0.6231060606060606,0.1713214280725568,0.7949153306042682,9,0.2817533599057545,35,39,69
1196,403,rhombus_black,122.86339,183.87144,10.084396,11.018443,29.744882583618164,111.18554940633476,0.9252335535267266,42.21889305114746,0.5891608391608392,0.16758685976741589,0.7507895216031654,13,0.3051281366855479,33,38,67
1197,403,rhombus_black,122.85526,183.45729,9.915717,11.51004,26.56505012512207,114.20365442038747,0.870967719745258,42.86465644836426,0.6037296037296037,0.16912449872800173,0.7596486691862703,8,0.3374190152826486,32,38,70
1197,426,rhombus_black,157.11633,98.25619,10.187795,12.234432,90.0,124.71431526751257,0.8333333333333334,44.858378410339355,0.6830024813895782,0.17008106951537594,0.6760802493577431,0,0.0,34,38,72
1203,426,rhombus_black,157.11633,98.25619,9.3727045,13.050551,90.0,122.38639431836782,0.71875,44.86018753051758,0.7013888888888888,0.17339407515318644,0.7654382550470645,11,0.2933311433086849,31,36,68
1204,426,rhombus_black,157.11633,98.25619,9.3727045,13.050551,90.0,122.38639431836782,0.71875,44.86018753051758,0.6849747474747475,0.17246458479403395,0.7475252085743159,12,0.3183663124218583,28,32,62
1205,426,rhombus_black,156.30061,98.27801,10.068929,12.705351,77.47119140625,128.015708974679,0.7944250040607599,45.564558029174805,0.6278280542986425,0.17218701298729727,0.7425924639076428,14,0.3111586454158117,25,30,62
1206,426,rhombus_black,156.30994,98.68546,12.751528,9.968738,56.3099365234375,127.21331636543619,1.2840908904419024,45.45755100250244,0.5887445887445888,0.17273697186878703,0.6019365617815277,11,0.4795457608468662,24,29,61
1230,435,rhombus_black,135.13322,81.74176,10.376603,11.379399,82.87498474121094,118.15377977857133,0.9155555883609678,43.52621364593506,0.6780645161290323,0.17107080652702758,0.736828773956111,14,0.2967646428566825,17,22,52
1233,435,rhombus_black,135.13322,81.74176,9.7529,12.22476,90.0,119.29294886742719,0.8,43.96867084503174,0.6883870967741935,0.16904343085988993,0.7613117888554138,12,0.2746177999069914,18,23,54
1,436,rhombus_black,45.08151,228.98732,10.213996,11.574506,45.0,118.30293647688814,0.8974359222640219,43.59249782562256,0.5834285714285714,0.17309725140952603,0.726288666985108,8,0.3804649533703923,16,22,54
